0.93747,1.288,-0.51231,-0.874,0.60946,0.4072,1.1213,-0.97765,1.1498,2.9281,2.4758,1.1751,0.93914,-0.79694,0.31631,-0.12678,1.4274,1.9094,-0.11321,0.13976,0.77896,-0.39403,0.68329,2.4198,0.4654,-0.70294,-1.0697,0.38709,0.30865,1.6619,2.0173,1.6805,0.79355,-0.2444,1.9905,1.111,0.89376,2.3767,3.6279,1.3203,1.8945,0.72309,1.7379,-0.10529,2.2601,3.0602,1.7377,1.0811,0.96238,0.65255,-0.24555,1.8086,1.627,-0.10838,-0.073621,0.92248,0.92472,0.92766,2.9386,0.28649,1.8633,0.068491,-0.60261,0.97727,0.81098,0.74674,1.6965,0.69948,0.8799,2.1416,0.49552,0.351,1.1293,-0.72743,1.716,1.7892,1.4274,2.0435,0.3667,0.054348,2.2608,0.54031,-1.2437,1.7589,0.83618,0.72843,0.279,1.3022,1.4597,1.4839,-0.46732,1.9706,-0.71496,2.3167,1.5526,1.5486,-0.53325,0.13503,1.1789,1.3195
0.11268,2.5409,1.7611,0.12306,0.77002,1.691,1.4521,0.15975,0.37969,0.50842,0.63415,2.6436,2.0465,2.0114,0.012394,2.6742,1.2953,1.992,1.2725,1.3387,-1.296,1.0593,1.4246,0.80449,-0.85861,1.0413,0.79558,1.9182,1.7593,-0.58065,1.5328,-0.0018174,1.18,0.80987,2.1312,-0.41633,0.19628,0.96958,2.2463,0.78479,0.75772,0.34339,0.75722,1.4884,0.45794,0.089922,2.2179,0.22773,2.4869,1.656,1.1604,2.3464,1.3085,1.6851,0.90467,0.80616,-0.43394,0.35983,-0.16458,1.0167,2.4671,2.4326,-0.89133,2.1152,0.56825,-0.1301,1.8812,1.7631,0.70035,1.6311,-0.93858,2.2166,1.0974,1.4222,-0.49961,1.1468,0.78793,0.30822,2.6478,1.6573,1.2273,1.1837,2.4538,1.9701,-0.073991,0.24068,0.55044,1.9684,1.2386,1.0937,1.7472,0.98339,-0.26409,1.5209,-0.25601,-0.4776,0.78491,2.0569,0.84535,2.1652
0.95295,0.4893,0.83138,2.2579,0.32256,-1.0127,2.5137,0.32282,1.9342,1.8634,0.91685,1.3176,1.55,-0.097975,0.73275,0.85017,0.52413,1.5489,2.5628,1.6441,1.8004,0.072669,0.22913,-0.75435,2.3792,0.97092,1.6244,0.26607,0.078931,1.0545,1.9451,-1.0187,1.407,1.0904,2.1863,2.5946,2.7038,-0.35567,1.224,2.1686,0.1969,0.059505,2.5302,-0.42664,1.8465,1.295,-0.73702,1.2334,0.0068321,0.8571,0.80974,0.18867,0.34903,1.1948,1.5368,0.92211,0.38196,2.677,2.0235,-1.0048,1.0319,0.6834,1.6953,1.5913,-0.083883,0.3704,1.725,0.51722,2.1785,0.89293,1.9553,0.067493,-0.27361,0.80035,1.6035,0.94174,1.9463,3.2456,0.31491,0.32726,1.7652,1.0843,1.5522,0.47451,0.78983,2.2167,0.67197,2.351,1.9922,1.6211,-0.095985,0.17764,2.0204,1.1257,0.095624,0.8209,0.3549,1.3622,2.9224,-0.31926
0.33041,1.9461,1.0926,0.3315,0.90116,-0.3944,1.1136,1.8991,0.28158,1.5952,1.8323,0.28249,0.44848,1.7597,1.851,0.66891,2.1288,1.0905,0.56083,0.86151,0.76581,1.5648,1.1804,0.46633,1.3412,2.2016,-0.20706,2.5512,-0.60595,0.60898,0.64855,0.72852,0.94992,0.58491,-1.5795,0.8737,3.3067,1.2577,2.2306,1.5472,0.88187,2.8054,0.89844,0.39715,2.114,2.2076,0.52237,-0.36525,1.1353,2.1667,-0.39807,1.348,2.3172,0.87682,0.84933,1.8371,-0.68794,2.276,1.686,0.3647,2.5918,0.82175,1.2847,2.0915,0.71739,1.9931,1.7485,1.1096,-0.090088,-0.074522,2.1785,-0.49838,0.41157,0.96974,2.0672,1.8303,0.079455,0.10788,1.3211,-0.43789,0.61346,-1.1924,0.44523,1.0133,0.55094,0.50072,0.77055,1.2741,-0.76082,1.013,1.0105,1.8022,1.7482,1.9778,1.2616,1.7445,1.9048,0.43934,2.7336,1.3176
1.8439,1.4132,0.6642,0.60096,1.9996,0.099138,0.77761,0.6104,2.2661,0.99302,2.3029,1.3732,2.849,2.5144,1.6372,1.7187,1.3201,2.1133,-0.84607,1.1428,-0.64079,0.75382,1.6057,0.59387,1.0981,0.56327,2.8134,0.33627,0.24037,1.263,0.41524,-0.66306,1.8123,0.18486,1.5108,-0.081093,0.72117,1.5996,1.3077,0.60947,0.64056,0.71685,0.22955,1.2271,0.27969,2.4977,0.40608,1.4185,0.79016,-0.5993,1.1647,0.53734,0.60072,0.33373,-0.43125,0.69916,2.1207,-0.72125,0.16219,-0.80475,1.3528,1.9227,-0.75225,0.50832,2.1908,1.6684,2.7807,0.51264,0.1672,1.4197,0.26255,0.90349,2.4345,-0.37806,-0.50384,2.2116,0.74034,2.7066,1.0286,0.71277,-0.25065,-0.23497,0.4691,1.9816,1.0625,0.8198,0.7894,1.52,1.3633,2.3758,-0.62839,0.71148,1.2169,1.1632,3.6124,0.033304,2.3363,-1.1875,0.88266,1.3545
1.4087,0.73341,2.1423,0.32075,2.738,0.6679,0.29301,1.9991,0.44021,2.3156,1.1228,2.6552,0.91076,0.47139,-0.69512,1.8569,2.8625,0.46106,1.1134,0.95717,1.8666,1.3842,0.64877,2.2259,-0.92465,2.5456,1.9949,2.3062,2.9911,0.13263,1.325,1.519,1.2861,1.6932,-0.27851,-2.0479,0.59071,2.366,1.5657,-0.59976,1.4702,-0.37092,-0.78277,1.724,1.3139,2.2808,1.6813,-0.083845,-0.038435,-0.45603,0.74783,1.0369,0.57134,0.86519,1.3049,0.22173,2.2179,1.4814,0.91178,1.4157,2.259,1.2638,0.2384,1.1746,-0.68048,1.7013,1.0218,0.94367,2.118,1.2314,1.8882,2.8275,2.1738,-0.18598,1.1621,1.9639,1.5343,0.12981,1.3775,1.078,-0.16541,0.6041,0.37277,0.88585,2.5743,1.2734,0.74202,2.5424,1.0041,1.4139,1.2996,1.9454,2.8742,1.4109,0.74407,1.9782,0.25631,1.5144,0.76186,-0.33343
0.43927,0.066454,2.1905,2.1866,1.6434,1.6471,0.53082,1.7971,0.71406,2.0509,2.2481,0.60531,0.72224,1.4929,0.21288,0.61234,-0.6667,0.30701,2.0076,-1.0606,0.42964,0.53237,2.2026,-0.20049,1.5008,-0.47074,1.579,1.3317,0.94667,1.2833,1.8775,-0.18056,0.60847,2.6877,0.98082,0.065438,1.0832,1.7207,0.3009,2.0493,0.50401,-0.3529,1.4055,3.3709,0.97418,0.40247,-0.21601,1.3967,0.83899,1.3261,0.20533,1.5048,0.53127,1.425,0.86042,0.84539,0.96468,-0.72093,2.1658,0.75497,-0.044023,1.5953,-0.028734,2.6687,1.9201,1.4238,0.59462,1.5492,0.15766,1.226,2.0806,-0.88354,-0.69176,-0.38523,0.30755,1.4308,1.7527,2.5312,1.7167,1.6799,2.0475,0.51025,1.4303,0.55992,-1.2158,0.71835,2.4941,0.0055983,0.99125,-0.11098,-0.24606,0.37484,2.1113,2.075,0.49166,0.58941,2.4295,0.029865,1.348,1.1748
0.86237,1.1564,1.77,-0.033986,0.72679,1.0057,1.7789,0.53166,0.14585,2.1142,0.94538,-0.18469,0.834,1.5085,1.9261,1.0593,1.6704,1.0544,1.6191,0.035806,-0.48812,0.4505,1.822,1.8915,1.2517,0.40768,2.2003,0.14076,1.6163,-0.30242,0.69524,2.032,0.67277,1.9838,-0.84802,-0.79542,1.7785,0.52563,0.68235,2.2459,0.33064,0.52582,0.73622,0.55828,-1.2045,-0.15922,0.2066,0.51182,3.4811,0.55462,0.8053,0.44003,0.80914,2.346,0.53327,0.95913,-0.23706,1.5629,1.7096,0.14088,1.6553,1.2333,1.5348,-0.072158,1.1064,1.0671,1.4839,1.0479,-0.31931,-0.34784,2.2727,-0.26325,0.56543,0.59763,0.5801,1.4239,1.2085,-0.60322,0.74162,0.27833,-0.40641,1.7652,-0.2718,1.0768,0.53069,0.89049,2.7139,-0.34502,3.1175,1.1136,0.17049,0.70447,-0.85028,2.3133,0.30379,0.28314,3.3625,0.40984,0.65286,-0.39959
2.0401,2.9628,0.96032,-0.75938,-0.14742,2.3262,1.0465,0.078937,0.2713,-0.13916,-0.33176,1.1175,2.4965,-0.53128,-0.13806,1.5656,0.83171,0.76681,-0.27074,0.48987,2.4034,-0.23466,1.7538,0.75925,2.6513,-0.20465,3.1515,1.0223,2.3951,1.7479,1.1425,2.7501,1.8759,0.71615,-0.13365,1.4539,1.9757,0.62601,1.0824,1.1603,2.6417,0.92204,-0.099057,1.2954,0.7332,1.3606,2.1272,1.4004,2.4332,2.2182,1.1693,0.68258,-0.61085,0.13596,2.6007,2.5426,0.61523,1.1247,-1.0765,0.61519,1.7863,1.4476,0.18981,0.38357,1.0123,1.6261,1.7707,1.4012,0.42534,-0.21684,4.4007,3.2125,1.1171,2.191,2.3304,0.27202,0.26056,0.20168,0.10215,2.0744,3.3835,0.31805,2.0134,0.57758,0.63347,0.73716,0.82325,-0.38003,-0.86697,1.0605,2.1912,0.6358,-1.1651,0.84219,1.3082,1.3605,1.1825,1.1385,0.89488,1.3716
1.3562,1.3388,1.8464,2.2573,0.91346,-0.28067,1.1395,0.5986,1.859,1.4821,0.68749,-0.28175,0.94237,-0.43842,2.3479,1.8215,1.9775,0.36159,0.38832,2.8368,2.4781,3.1848,0.54,-0.32586,1.4229,0.9732,2.3846,2.9533,1.4283,2.2029,2.5118,-0.89511,0.5994,2.234,2.1867,1.2018,0.10832,-1.3187,1.4761,2.1382,2.7554,1.0437,0.1259,0.49824,1.2518,0.96848,1.4539,2.0433,1.32,0.9915,2.1544,1.6541,1.8633,1.8816,-0.53677,2.1027,-0.1181,0.94104,-2.3767,1.1338,2.2111,-0.58205,-0.16899,1.0621,0.58788,-0.39674,-0.25678,0.3216,1.0739,1.2385,0.20021,2.5863,0.5824,-0.062006,1.0678,2.5483,-1.3003,1.7831,0.60298,2.175,2.9039,0.94765,1.0504,-0.32545,0.27121,1.8395,-0.22065,0.70049,2.2298,1.5337,-0.77723,2.2122,0.61031,2.409,0.72004,2.681,0.12189,1.8734,0.64955,0.60503
0.36495,2.2384,-0.29319,-0.32412,1.6288,-0.48891,-0.38082,-0.21124,-0.323,-0.29505,1.2805,1.3908,2.0379,1.0347,1.4042,-1.5909,1.1576,1.6795,1.6174,-0.04409,1.1162,1.4153,0.39771,1.6805,1.6607,1.6892,0.034965,1.6935,1.4381,1.1499,1.7545,1.6224,3.0143,0.27073,0.58748,1.1555,0.24895,0.84528,1.4376,1.2196,2.9024,0.84312,1.5024,1.1165,1.1678,1.0766,0.50877,1.7997,-0.41,3.1246,1.5449,1.1375,-0.42078,1.6115,-0.024396,-0.34205,0.81676,-0.49089,1.0827,1.9941,2.03,-0.14703,1.0419,1.0282,2.132,0.021863,-0.70664,1.2511,2.4344,-0.18829,0.4057,0.48566,1.3428,0.78348,1.3826,0.35822,2.8515,1.9799,-0.20782,1.8892,-0.49323,2.0046,2.389,1.7822,0.98571,0.085646,0.35861,2.0854,0.57089,-0.15839,2.1912,0.55505,1.6279,-0.86415,0.20639,0.1948,1.3003,1.3539,0.12378,3.006
2.1078,1.9458,2.3156,1.2101,-0.60484,1.0406,1.1828,2.2203,2.7053,0.62933,1.1313,0.00093413,1.1514,3.1254,-0.089144,0.77303,0.32113,0.89005,-0.43818,2.3905,-0.39961,-0.11699,1.4875,2.5106,-0.92009,-0.22579,2.7295,1.3471,0.84948,0.21187,0.19564,-0.76019,-0.43636,1.7478,2.101,-0.24758,-0.40144,0.46077,0.42693,1.3039,1.4118,2.0424,0.72368,0.53586,2.1479,0.23473,1.3668,0.90596,0.67299,0.88782,1.9761,-0.25251,0.51918,1.2821,-0.81342,1.8835,1.031,0.88002,1.742,-0.11587,0.20312,-1.2225,1.8944,1.8961,1.4516,0.19334,0.88331,-0.079875,1.8946,2.1044,1.3036,-0.83698,-1.1577,-0.45322,1.5456,1.3023,1.5573,1.7449,1.6908,1.7655,3.9993,1.8071,1.5778,0.8464,0.85349,1.6757,1.7474,0.86623,1.9389,1.2584,1.4703,-0.59776,0.38831,0.24914,0.99961,0.90207,0.94908,0.52341,2.4923,2.6062
-0.5916,0.68053,0.19496,0.57851,-0.73218,1.1823,2.8786,1.4897,-0.21248,0.56152,0.98658,-0.23054,2.7083,0.30171,0.7418,-0.1658,-0.87027,1.6674,2.9526,1.6771,1.0142,0.67851,-0.16144,2.1956,1.1578,2.9824,0.98886,-0.26382,1.2212,-1.7236,0.83762,0.91436,-0.2667,0.65699,0.17054,1.2263,0.98954,2.0458,2.1803,1.1274,1.1472,1.4898,1.5506,2.4905,-0.19507,2.7438,0.69837,1.2992,1.2501,1.1684,0.65522,1.5997,2.185,-1.1546,1.9579,-1.1843,-0.38078,0.095606,0.5357,1.4433,1.3879,1.2468,1.546,1.0704,0.57472,2.369,1.0869,0.16655,1.3648,1.0119,1.3375,0.69588,1.7059,0.22117,1.4081,0.46093,1.0221,1.587,1.35,-0.65527,1.0396,1.4346,0.83495,1.6165,2.061,0.74829,0.80076,1.2052,0.89935,1.0038,0.78384,0.27307,1.2195,1.5718,2.3969,0.2221,-0.84344,0.86874,1.0305,0.34948
-0.96812,-0.84033,1.615,0.29324,-0.2555,1.2075,1.7548,0.96238,0.24836,1.0912,0.96423,0.64387,-0.17305,0.464,1.9748,2.048,1.1538,1.3489,1.7974,0.9743,0.93948,1.0036,0.39822,2.1355,2.2865,1.7221,0.39182,1.7809,0.25432,1.0668,1.7037,2.654,1.6081,1.025,-1.0696,2.3725,0.022353,0.19394,2.4368,0.51231,1.0332,0.5404,1.2271,1.8103,0.053591,1.2681,0.54285,1.5113,1.344,1.7847,0.53111,0.86024,2.8409,1.5637,0.66031,1.2384,2.0491,1.5551,0.85534,1.8963,0.25476,1.158,0.065524,2.5209,1.5325,0.81897,2.5783,0.62439,0.10528,0.36418,1.0402,0.63392,0.80481,0.25291,2.3668,-1.6194,2.1436,2.7871,0.74896,-1.8089,2.0006,0.39836,-0.73843,0.9732,0.12023,2.7549,0.83198,-1.2154,1.4099,1.9535,2.5265,-0.25335,0.46582,1.6156,0.32851,0.8266,0.93808,1.6763,0.87774,-0.38493
1.8604,2.6606,-0.025277,0.75376,2.0231,1.2569,1.9498,2.9984,1.8599,0.3572,1.5729,1.2994,1.3115,0.037312,0.48828,1.5181,1.4375,0.9607,1.3412,0.38479,-0.5022,1.1144,1.4125,0.11131,0.61128,1.4261,0.62374,0.77362,1.8788,0.18287,-0.34164,2.3355,0.35493,-0.51988,-1.1963,0.16495,0.75776,0.14825,2.2578,0.88767,-0.18046,1.8225,-1.1046,0.99345,-0.5697,1.4831,1.4144,0.30388,0.79471,1.2341,1.1719,-0.15193,0.91011,1.0843,1.0276,1.1092,1.8063,1.8333,0.89341,0.45878,0.95465,1.1109,1.0754,-0.10067,0.98516,0.034454,2.1805,3.5582,-0.8475,0.49136,0.29325,0.64704,1.5634,0.64705,0.21093,1.5028,1.3864,1.9902,-0.81419,1.7794,2.4992,0.83481,1.6819,0.52541,0.10645,1.2172,0.87668,0.51137,1.2268,2.035,0.60192,-0.40489,1.0979,1.2285,0.52302,0.40114,1.0468,1.7642,0.58104,2.7882
0.71751,-0.20098,0.5747,1.7955,0.026192,0.38639,0.9732,1.2357,2.0773,2.8607,0.88426,1.3337,2.4219,1.7314,0.49699,0.078818,0.61704,-0.29538,1.2582,-0.55799,2.1712,1.7584,0.91092,1.3931,-0.10435,-0.064736,1.5079,0.63018,0.82495,1.6094,1.0918,0.31102,1.1431,0.84677,2.1914,1.7383,0.82905,0.82485,1.8331,1.6586,0.070148,0.3612,0.49186,1.2128,0.19105,-0.092865,1.6136,2.1292,1.7654,1.0205,3.0487,1.2821,0.99291,-0.22472,0.9899,-0.64043,0.51626,-0.12803,2.7417,2.0111,-0.32681,-0.65725,1.0959,0.83348,0.96012,1.0682,2.4064,3.2867,0.96656,2.2003,0.70042,-0.60366,2.5857,-0.17573,1.7644,-0.596,0.95579,1.4809,-1.3006,0.98609,-0.37986,0.58118,2.884,1.0082,1.5924,0.53019,1.9027,-0.3251,1.0322,0.19762,2.4938,-0.61154,1.5089,3.1496,-0.36863,1.5612,1.0248,1.4652,1.332,0.29704
0.71474,0.020498,0.52068,2.1649,-2.1143,-0.98887,-2.715,2.1307,2.6665,-0.15337,-3.12,-1.4886,-0.47152,-3.1098,-1.6571,0.5369,0.052723,0.56616,0.76073,1.1992,0.6041,0.039723,1.3575,-0.48879,0.30562,0.97911,-0.37429,0.81494,2.1485,0.53947,1.8682,-0.10213,0.038862,-0.31074,-0.0059373,-2.0567,1.1834,-1.9492,1.8697,-0.77422,0.52488,1.0082,2.275,2.4408,0.43945,0.33416,2.0728,-3.4432,-0.8758,1.8613,-0.11517,3.3168,1.3244,-0.21056,0.33252,-1.9865,-0.69791,-0.98368,0.043376,1.275,0.41718,0.7881,0.307,1.2263,1.8956,-0.06691,0.91049,2.3081,1.2318,-1.5857,-0.21518,0.4267,-0.51525,-0.3187,-2.1012,-0.45194,-3.6867,-1.5431,-0.78219,2.3396,0.50655,0.22871,1.2567,0.85491,2.0851,-0.33935,-0.90876,-0.41267,-1.2638,1.6789,-0.14692,2.1152,0.72348,2.4281,-0.52691,0.87097,1.9654,1.9545,-1.0712,-0.07057
-0.086562,-1.5449,-1.919,0.56235,0.6077,-2.0872,-3.3347,0.49035,1.4094,-0.57104,-1.1601,-2.9043,-0.81632,-1.4085,-2.5035,-1.8125,-0.73667,-1.0074,-0.97549,-0.13379,1.7383,1.5396,0.1329,0.62092,0.17336,0.66413,1.1376,0.53737,1.512,-2.8043,-2.5499,-0.26093,0.8398,-0.27878,0.58668,1.0124,0.23225,-1.71,-0.56323,0.58634,1.7896,0.94705,0.47991,1.4441,0.62095,-0.30728,-2.1742,-0.41722,-1.7085,0.13201,0.15284,1.98,-1.3369,-3.1844,-0.80501,-0.11161,-1.8648,-0.95955,1.8094,-0.2045,0.71589,1.5308,1.6325,2.7747,1.4122,0.79026,3.9538,0.5744,-0.052848,-1.2138,2.0476,1.0915,1.6666,2.7659,0.7391,1.3198,0.67707,-2.4222,-0.11601,0.64594,1.941,0.99755,3.1672,-0.39583,-2.2914,-0.45378,-1.2522,-0.78079,-2.2792,1.9609,0.71267,0.06283,2.1736,0.77377,1.3341,-1.055,-1.784,-0.53539,-0.69725,-2.3223
-0.62384,-1.2194,1.5265,-0.18374,-1.162,-1.7128,-0.31412,0.57483,-1.2983,-0.26882,0.4364,1.4675,1.3368,0.63599,-0.71448,0.75424,0.093017,-1.0013,-2.7547,-2.623,1.202,-0.34227,0.22255,1.682,0.70871,0.0015615,2.0104,2.3385,-1.3621,-0.43117,-0.54801,-1.441,1.5768,1.524,1.3196,1.3231,0.076008,-1.0082,-1.9148,0.62139,0.65031,1.0878,0.83789,0.24637,0.33652,1.0972,-2.4265,-1.593,-1.2242,-1.4772,0.8721,-2.3247,0.15871,-0.81303,-2.0764,-1.5638,-2.0406,0.20455,1.1961,0.81325,2.0662,3.8726,1.9393,1.2947,0.16157,1.8245,0.60273,-1.7416,-0.50118,-2.1304,0.35764,0.97488,2.188,2.0928,1.1833,-0.713,4.2101,-1.0768,0.46843,2.6773,1.1974,1.552,-1.3397,-0.20048,-0.22838,-1.7731,-1.2775,-1.0057,-1.4269,-0.08413,1.3891,2.6344,2.6422,2.7918,1.7904,0.072342,2.3734,0.72567,-0.74635,-2.4594
0.94787,2.8846,1.1605,-0.040481,-0.16225,-0.26431,-1.9837,-1.6597,-0.34237,0.50524,1.6954,1.6774,2.6373,0.92147,1.6873,0.90297,1.058,-0.57145,0.41667,-1.013,-0.16062,1.3987,2.2508,0.18658,4.2466,2.8705,1.207,-1.578,-1.3822,-0.76119,1.7455,2.0507,0.77267,0.99767,0.36019,-0.88511,1.4038,-0.59169,-0.44216,-0.55962,-0.53895,-0.54298,0.56956,0.33614,2.5329,2.8679,0.45122,-0.83199,-0.98167,0.27488,-1.4379,-1.7943,2.0808,-0.45651,-2.0608,0.35111,-3.1234,0.2776,0.69497,0.94979,2.604,0.68449,0.85094,0.96989,1.0843,0.49119,1.4186,-0.29141,-0.089813,1.1536,-0.26885,2.2558,2.1505,1.5838,-0.64987,1.2438,-0.39913,0.040314,-0.53534,-0.25365,0.11686,0.31678,0.2664,1.2529,0.77936,1.1812,-1.0712,-0.90725,-0.89696,1.875,1.6475,0.99806,0.70178,1.0161,0.15526,0.55155,-0.34324,0.48897,-0.38676,-0.3503
0.4571,0.83309,0.95212,2.9345,-0.38633,-1.3624,-0.55991,-0.65685,1.0568,1.3663,0.47376,1.9637,-0.59029,-1.1048,1.8395,0.79412,0.20088,-1.4668,-0.26926,-0.23098,-1.4475,1.6692,1.5872,0.98871,3.1892,-0.093832,-1.1031,-0.88948,0.33585,0.65147,1.2825,1.1825,1.778,-0.080459,-0.294,3.0449,2.0367,2.3289,-1.9353,0.69705,-0.89689,2.9813,2.7609,0.11483,1.9557,0.5765,1.385,-0.43145,0.13575,-1.6082,-1.3808,1.0856,1.9319,1.1704,1.0809,-0.20309,1.578,-0.37043,0.17174,1.5739,-0.40229,0.79098,1.2869,-0.21005,-0.29275,-0.20637,1.7775,-2.0726,-1.967,1.7123,2.1343,2.9674,0.66485,1.525,0.43093,2.3178,1.8508,0.52003,-1.5887,1.3056,2.2129,0.40114,0.34291,1.3932,2.2142,-0.22759,-0.25559,-2.2924,-1.1565,2.4935,0.81724,2.1061,1.0509,0.94979,1.9293,1.7031,0.61654,3.4848,-0.42181,1.0116
1.4664,-1.3449,0.68228,0.24078,-0.24222,-0.8607,-0.24429,0.45025,1.6745,1.1216,-0.78809,2.6763,1.1677,1.4516,2.3155,0.12408,0.50289,0.46337,-1.5254,-1.5406,-2.1454,0.67836,0.70665,0.17487,0.063957,-0.20635,-1.1952,-1.7692,-0.53484,0.60721,-1.8844,2.4025,-0.52217,1.6336,1.9527,1.7229,0.6439,0.6231,0.22667,-2.7058,-1.4319,-0.056771,1.7472,1.0268,0.9055,0.0098571,2.6012,-2.8955,-1.079,0.27608,-0.55119,0.38725,0.79962,1.2973,1.3013,-0.44223,-0.59592,2.4255,3.0159,0.13086,0.21415,2.0001,0.72529,1.6405,0.23778,0.85849,1.7177,-1.97,0.84749,0.42792,0.0033013,0.27043,0.6945,1.5285,0.32162,0.21598,-0.019515,-0.30847,0.37412,0.66568,-0.52347,1.2409,1.4997,1.3858,0.68273,1.2646,-2.748,0.024881,-2.4094,0.27761,2.0776,0.56878,1.1544,-0.29135,-0.42725,2.0179,-0.2572,1.7421,0.2058,-0.63809
2.2014,0.70771,0.89664,1.6421,-0.064867,-1.2872,-0.40452,0.27632,1.3786,-0.67072,0.3734,2.0058,1.5828,0.54302,0.26525,0.68933,0.65505,0.7764,-3.3252,-0.61777,-0.24473,0.2735,0.75675,1.1473,0.79433,-2.4547,-1.1357,1.0337,-2.8563,1.2064,0.17127,0.75155,0.99521,0.38761,-0.7911,0.63655,0.74957,1.3185,0.73859,-2.4069,-0.034143,0.65726,1.4608,-0.15904,-0.36346,-0.057229,0.51259,-2.0596,-2.2142,-1.4088,-0.51482,2.1771,0.64551,-0.047519,0.95494,1.4943,1.3971,0.79452,2.1467,0.88782,1.4383,1.6888,0.67876,0.75679,2.0059,0.59342,1.0318,0.65832,-1.5157,-1.4683,-2.058,2.6386,1.1172,2.1616,-0.41093,-0.049346,1.8517,-0.10116,1.6464,1.2027,2.3518,-0.51817,1.7158,0.64307,2.5364,1.549,-2.2642,0.43765,-1.1307,1.0804,0.70272,2.7347,0.18572,-0.72154,2.1639,0.45114,0.14311,0.36757,0.23426,-2.3245
1.1644,1.0943,1.9211,1.9214,-0.57453,-2.1829,0.033599,0.79159,2.8953,0.87174,1.0228,2.7245,1.7864,2.7438,1.4443,1.1916,0.22506,-0.57954,-1.4313,-0.83227,-2.693,-2.1651,2.1552,0.81649,-0.34411,-0.52256,-0.21471,0.15343,-3.0513,0.61227,-1.5631,-0.2884,0.55585,0.27926,0.269,2.9851,0.52747,-3.5071,-2.6788,-1.0071,0.11419,-1.6859,1.9446,1.4153,2.0567,0.51699,1.2317,-0.89948,-2.0716,-2.8835,0.68815,1.5064,0.14665,1.3426,1.3563,1.3402,-0.26347,-1.775,1.6691,0.2546,1.3712,0.31147,0.87029,1.8575,0.2421,0.0354,0.37417,-1.4156,-0.7822,-0.72707,-0.13992,-0.26237,-0.93453,-0.87846,-2.9604,-0.75508,1.8532,1.5388,-0.25082,1.4117,2.3467,-0.53433,1.1445,2.4587,-0.31669,-0.26159,-1.5189,-0.19442,0.86355,2.7629,-0.43226,-0.22614,0.96089,0.24644,2.3345,0.77938,-0.73898,-0.17672,0.42431,-0.80419
-0.19593,2.0343,0.85305,0.48128,-1.7034,-1.6458,0.20522,0.56018,3.3687,3.0579,2.7064,-1.1053,2.2382,1.783,0.5919,0.7713,1.8282,1.0774,-0.94702,1.2456,-2.0659,-0.78471,1.4471,0.87073,1.837,-0.60448,0.81621,-0.15032,0.11735,1.4473,-1.7232,-2.0113,-2.3318,-1.8172,-1.248,-0.20674,0.15536,-2.587,-0.68503,-0.94161,1.0271,-0.73554,1.692,0.29481,0.8524,0.21504,1.6222,-0.026561,1.8952,-1.4149,1.0238,2.8027,0.78283,1.2987,1.5756,-0.040953,2.726,2.4792,0.42613,0.039748,-1.4359,0.3195,2.7958,0.072972,2.4728,-0.47448,0.70505,0.86043,-2.871,-0.23762,-0.21282,0.20156,-0.07054,-1.3786,0.2724,-1.5128,-1.4171,-0.70271,1.9645,1.2309,1.154,0.76625,2.1416,1.647,-0.38774,0.99983,-0.74004,-1.5051,-1.1378,1.6422,0.92094,1.7399,1.0041,0.63668,0.75353,3.1676,1.5862,-0.17039,2.2178,-1.4685
-0.093965,-1.5335,2.0997,1.0295,-0.004369,-0.5381,-1.2871,2.2274,1.4245,-0.0071164,1.285,-0.99613,-2.1524,1.9473,0.97552,1.9487,0.35404,1.7932,-0.33511,0.17396,-1.1547,-2.5843,2.0515,0.82271,-0.053958,-0.98724,-0.94782,0.53886,-0.94269,2.4737,3.4675,0.88792,-1.3059,1.8715,1.1868,1.2808,1.4487,0.77433,-0.16654,2.3714,0.2984,0.6275,0.99779,1.5764,-0.60843,0.54254,1.3881,-0.12885,-0.38311,0.40103,-0.31345,1.1618,0.44802,0.61229,1.1296,0.11378,0.85703,2.6262,0.26104,1.2582,0.99807,2.3491,1.6897,0.73196,0.76794,-0.84778,2.8582,1.3917,2.3574,0.58531,-1.0849,0.48785,-1.4478,-0.76665,-0.8641,-0.80488,-0.97133,-1.4305,-0.78782,-0.050282,0.41343,1.3607,0.29872,0.694,2.6919,-0.77807,-1.2245,0.070346,-0.89897,1.8614,1.5553,0.59276,1.2615,2.728,0.10386,1.7498,0.91261,0.78037,3.2899,-1.9997
0.48614,2.2291,1.5156,-0.17816,-0.59244,-1.0499,-0.1296,0.36811,2.1704,-0.42793,1.2714,-0.40843,2.0494,1.0722,0.14974,1.0946,1.4146,1.165,-1.5499,-2.1789,-1.7525,0.5974,2.4123,0.62797,2.4494,-0.41176,-2.0363,-2.5875,0.31989,-1.0322,0.96152,1.3415,0.37929,2.0041,-0.62047,0.99225,1.5963,1.8761,1.9058,2.3525,1.0224,0.00052698,0.70127,2.9475,1.1701,-0.37545,2.2185,-1.8621,-1.1861,-1.612,1.1899,1.7215,1.2529,1.6922,1.1856,1.5087,0.56444,2.6558,0.17503,1.1192,1.5916,1.4517,0.23573,1.3886,1.8413,1.398,0.63054,-0.5593,2.0156,0.66501,1.2062,-0.4941,0.82042,-1.4193,0.075932,0.086023,-2.7025,-1.1147,-0.61436,-0.15955,1.0238,2.0031,0.97165,0.2358,1.0369,1.5438,-2.2475,-1.462,-2.0146,0.26702,3.2923,1.7747,-0.1591,2.059,1.5173,-1.1625,1.0002,-0.80932,0.86551,-2.2049
1.7287,2.1089,2.1533,1.9336,-1.3613,-0.65954,0.87725,0.31159,1.8462,1.1144,1.6473,-0.45854,1.1347,1.1739,1.312,-0.11544,0.64603,0.075084,-0.52966,-1.1302,-1.1704,1.6328,1.1652,-0.12017,1.8801,-0.70775,-0.96317,-0.52041,-0.30775,0.46709,0.76061,3.686,1.4267,2.5848,2.949,1.3996,2.2091,2.1252,0.63942,0.35351,0.24598,0.024527,2.1729,1.2051,1.0647,2.8826,2.3622,-0.35631,-2.703,-2.19,0.68563,0.735,1.6311,0.35843,1.3275,1.0759,2.0701,-0.50828,1.1199,1.9179,0.81203,-0.47682,0.39411,2.0139,0.8619,2.2845,1.2414,0.76989,-1.5092,-0.15864,0.2114,1.6916,1.2394,2.1407,2.02,0.24304,-2.1134,-1.3528,-1.1597,-1.1379,1.3098,-0.49926,-0.31495,1.8755,0.23172,1.2108,0.33468,-0.54799,-1.6114,0.40741,1.3378,0.45587,0.87556,0.75473,0.70784,1.3538,1.6165,2.0876,-0.33365,-0.95153
1.1934,1.6303,-0.69137,0.50821,-1.4699,-1.5618,-3.9796,2.6894,0.78401,0.47499,2.3795,1.7263,0.012031,1.882,1.9382,-0.1006,0.36448,1.9519,-0.73488,-1.2962,1.7738,2.2923,-0.28673,2.1372,2.4172,-0.2718,-0.61376,0.11949,-1.8848,0.72514,1.7945,0.27357,1.1105,0.84552,0.94737,-1.0769,0.37546,1.5355,-1.0325,1.6169,-1.536,0.10841,2.3474,-0.78568,0.21727,1.0296,2.5963,-0.51999,-1.5493,0.054524,0.33236,-0.12006,2.5747,1.48,1.9704,0.11722,1.3552,1.0281,0.6626,2.4366,2.0426,1.1942,-0.42068,0.19394,1.7898,-0.19739,1.8986,-2.2155,1.3182,-0.3898,1.0853,1.2444,1.9518,0.82229,0.85373,1.1921,1.2925,-3.0384,-2.444,-3.2136,0.27367,0.28283,1.7213,1.15,0.50283,2.0388,-1.4076,-0.34462,-1.087,2.2781,3.5398,0.76018,1.1105,-0.29027,1.4204,0.71562,-0.78687,1.3393,-0.33956,-3.2851
0.60653,1.9027,0.46259,-1.5141,-0.6827,-0.21387,-2.2492,0.71347,-1.2528,2.7228,3.227,2.5672,2.9293,1.0194,1.441,0.68837,0.59955,-2.2528,-0.27093,-1.6865,-0.45802,-0.13204,1.7332,0.64382,0.69367,1.9164,-0.053671,-1.4226,-2.13,-0.91342,0.98207,2.0805,2.1624,1.064,0.61109,0.14771,1.1185,-0.086366,0.065571,1.9256,-0.3047,1.139,0.52778,2.1388,-0.42871,-0.26957,0.65568,-0.7991,-1.436,-1.9543,2.683,-0.063687,0.45522,0.76281,1.1063,0.91903,0.96906,2.6162,1.745,1.5377,1.384,-0.23443,1.2612,0.96667,1.2368,1.3613,1.5906,-1.9962,2.7836,1.6954,1.9486,1.4438,0.096874,1.8716,0.90455,0.96523,1.4165,-1.6889,-1.5553,-0.30509,1.052,0.90707,0.45288,0.16711,0.46233,0.49279,0.09185,-1.2946,-0.12977,1.5464,1.2261,2.3839,1.1323,0.083077,0.16038,-0.13579,1.034,2.0255,-1.3505,-2.6429
-0.11227,2.6747,2.3441,2.1377,-1.6757,-1.0851,0.072972,1.1261,0.62489,0.52522,0.61503,0.354,1.3381,3.2587,1.5856,1.1802,-0.86081,0.47265,-0.65836,1.1569,0.74582,1.287,0.5882,0.70078,1.7775,-0.29609,-0.63654,-0.78648,-2.1971,0.65173,-2.4455,0.031292,0.77102,2.031,-0.74077,1.941,-1.4941,1.8625,1.5496,1.8354,-1.4772,0.13698,1.9768,1.8531,0.3055,-0.16444,0.3628,-0.41045,-1.5372,-0.23143,2.6007,0.91974,1.0044,1.3071,1.5117,0.2637,1.9579,0.68415,-0.78993,0.3354,1.2281,-0.42678,1.7821,2.9286,0.62827,0.63968,1.7786,-1.0973,-0.094235,1.7401,0.87101,-1.6672,0.68717,1.0827,0.91495,0.97011,0.017538,-2.5284,0.0099451,-1.848,0.25546,0.70202,-1.3388,3.2054,2.2736,-0.97198,-0.62956,-1.6884,-1.0358,0.94313,0.90754,0.14917,-0.033259,2.194,2.1117,1.3419,1.1315,-2.3317,-1.6281,-1.9804
0.98552,1.654,0.20037,1.9977,-0.035873,-1.0855,-1.4327,0.43337,-3.1253,-0.57173,-0.82991,1.0869,1.679,1.5844,2.0138,-0.6208,-0.42655,-0.72047,0.58331,1.4769,1.1485,0.88809,-0.64228,1.1853,0.8938,3.2,2.4558,-1.1127,-2.1186,-1.4557,-0.89071,-1.4351,2.2478,0.48533,-0.749,-0.44177,2.3342,-0.48962,0.84407,1.0611,-0.086829,4.5703,1.2052,0.19444,2.7899,1.4442,-0.086748,-1.5554,-1.7345,-2.3503,0.093115,-1.165,0.6293,0.74765,1.4231,0.4904,0.44065,0.17619,0.19403,0.56323,0.44383,1.1426,1.325,2.7554,-0.46978,1.2418,-1.6777,0.33176,0.34559,0.93524,2.28,1.7433,1.4544,2.7598,-1.5548,-0.22611,-1.0086,-1.9613,-1.0983,2.893,0.55304,1.4272,1.2835,2.7562,1.1855,1.2867,-0.29444,-2.1049,-0.70009,-0.65618,-2.0131,-0.23158,1.9545,2.5661,0.23397,1.4182,-0.29467,-0.11466,-0.9582,1.201
1.3191,-0.44991,1.6229,0.50455,-2.018,-1.4529,-2.0679,-1.2909,-1.5407,-0.58222,-1.0828,-0.18293,-0.14891,-0.5481,-1.2933,-1.1939,1.5224,-0.24961,0.88243,4.1401,1.9867,2.5732,-0.0078564,2.143,-0.67782,0.39855,2.2396,2.9276,-2.2413,-2.461,-1.0713,-3.3679,-0.8799,-1.836,-0.9895,0.33222,1.7394,-0.12178,-0.35321,0.26924,0.08429,1.0926,2.4518,0.64747,1.6411,1.7097,4.5129,-1.4117,-0.94829,-0.61584,-2.2701,0.8685,3.3544,1.6643,-0.56867,0.74169,1.1211,0.92666,1.148,0.87305,0.76552,0.627,2.4955,2.0293,0.78882,1.5369,-0.54848,-0.3288,-2.5789,2.1865,-0.8921,-0.074686,1.4004,1.6929,-0.83092,0.59418,0.10804,-1.9992,1.5094,1.2463,1.0072,0.35277,0.517,2.1409,0.73865,0.34671,1.254,0.83072,-2.5602,-0.93418,-2.1545,-1.9611,-1.0396,-1.3392,-0.69508,-1.139,-0.62228,0.11165,-0.18714,-1.3177
0.72092,1.6588,2.3197,0.66174,-0.93552,0.10408,-0.57698,0.54255,-0.46829,-1.5042,-1.2141,-1.2056,-2.5338,-0.20854,1.8286,0.66142,1.2235,0.41007,-0.41381,1.3303,0.39577,0.44878,1.3167,1.7181,0.83447,1.9619,1.1357,0.25694,-0.68543,-1.6456,1.141,-0.28919,-2.2045,-0.50715,-1.0717,-0.35115,0.077272,-1.0262,-0.2992,0.23854,-0.032136,2.5239,1.8791,2.1012,-0.93619,-1.3096,-0.74799,-2.1917,-0.057279,-0.20232,-2.3447,-1.2128,-0.084681,-0.94874,-0.34794,0.0099012,2.3638,-0.48822,0.41718,-0.70811,0.70003,1.0862,3.2185,1.2847,-1.9395,2.2123,0.13606,-2.8452,-1.8639,-1.3048,-0.60265,-0.60342,-1.0192,0.36381,-0.74118,-1.0937,-1.5485,0.53027,1.9509,-0.74842,-1.4129,2.8607,2.4089,2.3117,2.5825,1.1364,0.19466,3.3012,-0.27236,0.34107,-0.86805,-2.0484,-0.041167,-0.79466,0.78507,2.2542,1.0628,1.0665,-0.44957,-0.71756
0.52019,0.86194,-0.41943,-0.80343,-2.0361,-1.823,-0.81111,0.81161,0.7916,-1.0424,0.62335,0.61218,-0.50541,0.44568,0.56207,0.61594,0.92596,1.5197,2.2535,0.010391,1.2872,0.99673,-0.50267,1.7423,0.7906,1.7304,0.35983,2.5994,0.49645,0.86927,0.63085,-0.89844,-0.50836,-0.46592,-0.36222,-1.9666,0.9487,-0.15229,0.78502,1.613,-1.1708,-0.012038,0.08809,-0.46235,1.8073,3.0472,2.1414,0.31791,0.91201,-0.075954,0.30709,0.52423,0.89858,1.432,1.0036,1.4922,1.9339,2.2223,0.71262,-0.73638,1.1932,-0.088192,2.0241,1.8528,0.24077,2.4917,1.0583,1.6835,0.5465,-0.69903,-0.67515,-1.565,-1.6267,1.4825,0.02287,0.78301,0.88788,2.9481,-0.83706,1.1663,0.79457,1.5114,1.6905,-1.0441,2.244,1.0452,-0.29619,2.9151,5.1558,-0.85736,0.61607,1.0068,0.71528,0.93615,0.44661,0.3432,2.1875,1.1001,2.0378,1.1592
-0.37035,1.0969,1.5164,2.257,-2.3922,0.63855,1.2996,1.8561,2.362,1.6021,-0.77554,-0.19899,1.8595,0.60395,1.1217,2.7968,1.0665,1.9208,-0.40513,0.62167,1.615,-0.37808,1.533,0.33097,0.8434,-1.1722,-0.79094,-0.79104,0.8975,0.33252,1.8435,0.74478,1.8386,2.8665,0.020669,1.1131,2.1525,2.2728,3.0213,3.0584,0.61839,-0.699,0.84925,2.5209,0.92745,1.5409,-0.82395,0.20701,2.4068,1.3675,-0.43748,0.3176,2.0112,1.8202,0.87963,2.0087,-0.12903,0.19743,2.8096,-1.046,2.33,-0.05921,1.3979,1.8155,0.56055,0.64337,1.3833,0.74874,3.9761,0.10371,2.7331,0.99979,-0.30325,-0.49577,1.8863,0.67337,0.78463,1.5084,0.75151,0.63377,-0.024545,2.3398,1.4334,2.3378,1.4657,0.88361,0.82346,0.67799,-0.26185,0.27311,2.0258,0.27657,0.18852,1.7276,1.2842,1.8335,1.7144,0.21,1.5157,0.18514
1.2149,0.53639,-0.10866,1.6736,-1.4239,-0.43485,-1.4327,-0.43555,-2.0676,0.91802,-0.48674,1.427,1.7729,2.9644,0.99045,1.3154,0.50215,0.44428,0.17435,1.8359,2.0918,3.3077,1.7478,1.0946,1.2751,0.64904,-0.78188,1.0248,2.0363,-0.34705,1.6296,0.81473,1.3189,0.49983,-0.31833,1.7615,-0.11233,1.2138,0.37806,0.22044,0.73219,-0.35369,-0.089122,1.4054,0.50508,1.3784,0.043389,0.48126,-0.54216,0.56325,1.9085,0.64094,0.94234,1.3353,0.9436,-0.17308,0.16147,1.6335,2.8702,2.0004,1.0087,2.1031,2.2936,1.5038,0.56882,-0.01878,0.18944,1.506,0.60105,1.0783,1.9075,2.047,-1.6951,1.9292,1.3352,1.8743,2.211,1.4609,0.69215,1.7191,0.4148,1.4667,1.3589,2.4882,0.52362,1.0274,2.9032,0.28533,1.6174,0.036168,2.3761,0.48242,1.0898,1.9402,3.5088,-0.19712,1.2781,1.0409,2.299,1.7973
0.59376,0.80183,-0.60722,0.69324,0.82862,-1.3859,-0.48686,0.98382,1.8915,1.0001,0.62974,1.4743,1.5917,1.5673,0.54665,0.97437,0.7697,0.90336,0.017044,-0.13846,1.9792,1.5686,0.4665,2.0398,1.2499,0.65041,-0.2274,-0.72328,-0.050714,0.42954,1.0317,2.2889,1.4629,1.7942,0.10319,2.8893,0.28988,3.1909,0.60572,0.41825,2.4402,2.5053,2.8151,0.90015,0.43667,1.5612,1.3255,1.0317,3.4978,0.85989,3.3299,-0.22846,0.41505,2.8254,0.88734,1.7945,1.9456,1.5969,1.2246,-0.67023,1.0213,1.0908,1.6615,0.44059,2.2481,-0.56639,0.90496,1.081,1.6565,0.72437,0.025853,2.5587,1.2949,-0.023372,0.61072,0.84796,0.38556,0.23721,1.917,0.59305,1.6537,1.0278,0.66055,2.5506,0.71387,1.5019,1.1815,1.4393,2.9674,2.1351,0.93675,0.59229,-0.063645,0.84538,1.0939,0.084335,-0.37724,3.0797,0.89668,-0.25563
0.36826,1.0378,1.5192,-0.60921,-0.86171,-1.2489,-2.6871,1.7982,-0.46644,-0.018698,-0.02423,-0.67578,0.68451,0.66353,2.1448,1.0554,1.1931,-0.70145,-0.63309,0.81756,0.97123,0.96791,1.0089,1.4458,0.5012,-0.062408,2.0428,0.26628,0.50718,-0.79341,1.7339,1.6042,-0.6422,1.872,1.0799,0.37182,0.34639,-0.55951,-0.15943,1.3321,0.80119,2.49,0.44743,1.4929,0.64593,2.3408,1.2342,2.8481,-0.25563,1.6541,1.24,0.38504,1.5643,1.6242,0.71195,0.9036,-0.65923,2.5834,-0.65779,0.59154,1.7828,1.8116,4.1907,2.109,1.6977,1.2206,2.7893,1.4062,0.50894,-0.46501,1.6882,0.17308,0.24409,0.28585,1.0812,1.2275,0.38145,1.7664,1.0911,-0.16736,2.3249,1.8734,0.50077,3.5897,0.50616,-0.1026,1.4463,0.44602,3.316,1.2457,0.57367,-0.13457,-0.41361,0.17268,1.4679,0.66656,-0.13577,2.2262,1.8199,1.3309
2.6361,-0.56634,0.31594,-0.15769,-0.39721,-1.148,-1.6879,0.3134,3.1719,1.7535,2.5127,0.2594,1.5675,0.82405,0.24073,0.076085,1.4317,0.57684,0.46015,1.7848,2.2801,0.22022,-0.064762,1.6383,0.7583,1.3041,0.99288,0.74645,0.6232,-0.88881,1.8568,2.1058,0.6384,2.7508,-0.12154,2.7653,-0.28436,1.5916,1.4519,1.0546,1.2979,-1.6807,1.6175,2.1766,-0.81614,0.06842,1.6666,0.52403,0.31409,1.2916,0.62955,1.0614,0.2633,-1.5554,1.9756,0.22231,0.13497,0.29414,1.8432,2.1431,0.2934,2.7387,-1.7878,0.78424,1.3483,-0.34332,0.48947,1.1006,1.4893,0.19325,1.7036,0.97206,0.98436,1.9797,1.0271,1.9093,0.266,-0.35793,2.0405,1.6012,1.6301,-0.038805,-0.68502,2.3689,0.62386,0.70234,0.97166,0.84897,0.97633,2.5268,-0.27117,2.0467,3.6917,1.877,1.3915,1.9952,0.53106,2.4821,0.62795,1.5601
2.8118,2.203,-0.31563,2.5168,0.74447,-0.54335,-2.0452,-0.14138,1.0254,0.91577,2.4615,1.3615,1.1103,1.3697,0.56078,-0.41135,0.46605,1.6307,0.044509,0.84846,2.255,1.2095,1.1101,0.71472,1.589,-0.72933,-0.10302,2.6848,1.4184,0.23244,1.0489,0.53398,1.8706,1.5163,0.046505,1.3863,0.75323,1.3986,0.69443,1.0491,-1.0136,2.0516,-0.23095,-0.024485,0.92734,1.0279,0.65787,0.77209,1.5304,0.17558,2.5345,0.55761,1.0126,2.3457,1.9394,1.3134,1.4395,0.48876,-1.0827,1.2738,1.8309,0.77125,0.032471,0.2532,1.2408,2.0355,2.5056,0.14242,2.3966,1.3038,-0.36239,1.9652,0.18688,1.9587,-0.9144,0.36713,1.1816,0.08267,1.9478,1.2739,0.44171,1.3718,2.2356,-0.17137,0.28377,1.2642,0.33881,1.4287,0.51392,0.51594,0.93309,2.1961,0.32626,0.78086,0.093134,1.3483,1.3316,3.0275,0.83826,-0.21811
1.8477,-0.41682,0.33925,0.88142,-1.6845,-0.22821,0.34305,1.173,1.0132,1.7379,2.4527,0.88349,1.743,0.77921,1.0161,0.65231,-0.47484,0.66243,2.1712,1.6743,0.15924,2.3656,1.6458,0.27443,1.8057,0.4011,2.0408,1.9992,0.6156,0.33391,1.3319,0.75896,0.47938,0.97757,-0.16361,1.0479,1.7741,1.8775,1.4746,0.72983,1.7827,2.3334,1.3304,0.50451,1.7386,1.5228,2.293,1.5742,0.31936,1.2362,1.3147,1.8553,-0.52165,1.0517,2.2597,0.26918,1.631,1.8906,1.7392,1.4701,1.2762,-1.4334,1.1164,2.3564,-1.419,0.99399,0.35704,1.7533,0.63278,1.201,0.5152,0.68976,-0.49216,2.0435,2.0653,1.016,1.871,-0.65417,2.4275,2.132,-0.38718,0.66722,0.27543,0.50926,1.3466,1.0295,0.61466,0.2474,-0.96113,0.58849,-0.39768,-1.2115,0.33148,1.9722,0.90388,0.70048,0.1993,0.61305,1.5597,0.86858
-0.53972,1.6544,2.4809,1.761,-2.0344,-1.2652,-0.88584,1.1414,2.3564,-0.15231,1.8103,0.83753,0.93522,0.16332,1.8525,1.6515,2.0706,1.6095,1.116,0.27788,1.3026,1.4433,-0.37181,-0.55392,2.3934,-0.31011,1.387,-0.19668,1.9975,-0.5304,0.66418,2.0538,1.0686,2.6835,1.4617,-0.41801,0.7908,0.60262,-1.3485,1.3951,0.20519,1.6486,-0.68536,-0.63906,2.7198,2.3259,-0.66021,1.7709,-1.7444,1.0032,0.091799,2.115,1.0656,0.19044,1.3035,0.39311,-0.54018,3.0612,-0.21918,1.996,1.2412,2.2475,3.8164,0.95006,2.3304,0.86578,-0.66329,-1.4236,1.591,0.65967,0.94101,0.82387,1.3115,0.0478,1.3503,2.6337,-0.61418,-1.3492,1.5988,0.61649,0.12906,1.6916,-0.18551,3.3746,1.4189,0.14716,2.2237,0.57282,1.2671,0.79145,1.6648,1.5963,1.6132,1.2121,1.3555,-0.33352,1.4062,-0.75023,0.39306,2.4992
0.87231,2.2547,0.058191,-0.1295,-1.4535,0.024736,-1.4889,-2.5777,-0.23378,2.9969,2.0328,1.3973,2.159,-0.016949,0.05986,0.37624,2.1321,0.34049,0.041031,0.67541,1.7931,0.61693,1.618,2.2731,-1.0433,3.3657,-0.56886,-0.4556,1.1107,1.3189,2.028,0.73905,1.5539,1.3291,0.2831,0.40947,2.5565,1.4143,1.2313,0.033026,1.2888,0.94099,2.5682,0.82304,3.1649,-0.054507,1.8855,0.67099,0.40916,1.262,0.75765,0.46126,-0.58721,0.26437,1.175,1.8407,0.50215,1.2081,2.3895,1.0568,1.0966,0.82256,0.34381,0.64223,0.73651,-0.14951,2.0561,1.6208,2.447,2.5382,1.7659,0.53589,0.064263,2.3399,0.29967,-0.53806,0.36322,-1.7481,1.1364,1.5976,1.0644,1.504,0.98532,-1.4835,1.9516,1.5679,0.8127,1.6423,1.4464,0.91085,1.2337,0.55551,1.8765,1.0895,0.089299,1.9661,-0.56402,2.7864,0.8277,1.1578
-0.47348,-0.34486,-0.027522,-1.6351,-0.81388,1.0325,-2.0299,-2.363,-2.5144,-1.4493,2.4062,0.53783,0.45693,1.0097,0.78274,1.1057,1.7717,0.7452,1.8509,-0.58967,0.95047,1.6219,2.6427,2.6335,0.062237,-0.26744,2.6357,-0.74793,1.4087,0.75497,0.6734,1.0188,1.2216,0.3428,0.60707,1.079,1.7625,-0.55514,1.7932,0.87369,1.1241,2.0785,1.231,1.0829,0.98747,2.0826,1.0918,1.7931,-0.33362,1.0863,1.1906,0.45908,0.39524,-0.33623,0.8907,1.9632,1.4763,-0.3885,0.32615,0.09189,2.8645,-0.31219,1.303,-0.19084,0.58547,1.2608,0.50002,-0.29405,2.169,1.157,1.9847,-0.2402,-0.3622,1.6232,0.99332,1.1882,-0.17533,0.67952,1.8009,0.99802,2.3946,2.8177,3.4666,-0.21086,0.85882,1.3245,1.878,2.3062,0.92558,2.9659,-0.31948,-0.45449,-0.54861,1.1118,0.23,2.2354,2.8814,3.1958,1.3124,1.6549
1.6033,0.18485,2.1317,0.55653,0.81424,0.88933,1.6797,2.1014,1.7914,1.0611,-0.69681,1.2231,-0.24287,0.99232,0.78331,0.83601,0.74578,1.4603,-0.14546,1.1955,2.3871,2.6983,2.8093,0.81012,0.96148,2.2341,-0.31747,0.56122,0.90645,0.71252,1.3381,-0.19457,0.86237,1.9587,1.1104,0.99139,1.2488,1.1293,0.74067,0.98576,1.9134,0.662,3.7721,0.30104,0.29097,-1.4956,0.5968,0.93172,-0.56954,1.4377,1.4901,1.5384,3.2086,0.63221,1.3532,-0.43197,1.3538,0.61699,1.0389,-0.28414,0.072357,0.043678,0.88664,-0.074394,0.36182,1.1767,3.1302,2.5493,0.44285,-0.5676,2.4686,1.2202,0.30109,-0.62949,1.5293,2.0337,2.2011,1.8554,0.69195,2.9484,0.09109,1.4857,0.2017,0.1855,1.2927,0.80696,1.1128,1.26,0.28284,2.9023,-0.62653,0.49223,0.84605,0.84677,1.7435,1.5748,0.64872,0.51885,-0.09787,1.4873
1.9778,1.5619,0.011159,1.162,0.79781,1.5876,-0.78169,1.5796,3.4705,0.2211,3.1878,0.63327,1.2691,0.78783,1.4947,2.0554,0.5515,2.6194,1.2831,2.0436,1.2795,0.042832,1.261,0.43032,2.0523,2.1055,0.22939,0.44675,1.023,0.40735,0.12099,0.54296,1.1761,-0.75288,4.1271,-0.4197,1.0736,-0.2584,2.0026,-0.11624,0.76264,1.137,-1.7285,2.2709,0.63233,1.0916,0.055477,-0.2646,1.8172,-0.65533,1.4274,-1.4433,1.7624,0.24443,1.8012,-0.60069,-1.2069,3.3135,1.5292,1.0997,-1.3653,1.3774,1.5944,0.52267,2.1831,1.6636,0.62229,0.10624,0.45727,3.3875,0.8932,1.0024,1.235,0.68929,1.0452,1.2065,1.5652,0.55082,0.85708,1.255,2.3529,0.31449,1.4955,1.7848,1.1569,0.86724,0.80471,-0.14019,-0.30378,0.13043,1.467,1.634,-0.89977,2.0478,-0.55885,1.2982,1.5309,3.061,-1.5395,-0.3691
1.4697,0.90347,0.33952,1.5816,1.5981,0.39643,2.1084,1.0704,1.9426,-1.5951,0.74516,1.3183,-0.29036,2.7274,2.1651,1.9335,2.1681,2.1589,1.3057,1.2701,-0.41766,1.8765,1.6631,1.1706,0.21062,2.671,-0.56406,1.6512,1.0325,-0.040417,-0.05688,0.48946,0.60894,0.63491,0.54197,0.72902,0.18045,0.44747,0.46033,0.22938,1.4002,1.5793,2.0664,0.53832,1.8279,0.41793,2.8798,1.9533,0.78244,0.46022,2.5513,1.4328,-0.51524,0.7476,-0.21011,2.5356,1.2882,1.9527,0.97684,1.4164,0.38258,1.406,1.8874,2.8588,0.66463,1.5754,0.31641,1.109,1.6457,1.8974,-0.072781,2.2968,1.1624,0.48296,1.5197,0.9784,0.76685,1.7788,0.60752,1.3939,0.14031,0.26621,0.79809,0.4641,1.7867,1.7987,0.74459,0.39217,0.84295,1.9231,-0.19349,-0.41411,2.4149,0.46937,-0.19774,0.28571,-0.017428,1.6605,2.4497,0.29999
1.1482,0.16957,-1.5468,-1.3655,3.0711,1.7434,1.2404,1.4763,1.5581,3.6774,0.23853,1.6229,0.50213,-0.45282,2.9865,2.6034,-0.42345,2.216,-1.1798,2.1347,1.742,1.1102,0.23701,0.92739,0.32024,2.708,1.6371,2.081,2.1443,2.0935,-0.35083,1.9537,0.56198,-0.18649,1.9631,1.933,2.9158,0.44985,-1.489,1.9786,-0.76697,2.3064,1.9638,1.7973,-0.59051,-0.021994,1.6276,-0.99236,1.6637,2.1412,0.94516,-0.14153,-0.4238,0.81976,-0.13596,2.5541,0.58009,1.5568,2.4924,1.7259,0.77287,-1.0342,1.0615,2.809,2.1224,2.1107,2.4022,0.51482,1.8667,2.3859,0.63182,1.8294,1.4155,1.9542,0.69478,1.9792,-1.3741,0.054601,0.040081,2.6061,1.3048,-1.3878,1.545,1.7234,0.34339,0.35349,2.7284,-0.85714,1.7792,0.84009,0.55173,1.8648,1.2385,0.62927,2.1332,1.4368,1.3105,2.5321,0.5398,1.2242
0.81234,-1.8432,0.54722,0.3525,0.45964,-0.26288,0.94445,1.7607,1.5081,1.0732,0.97834,1.1398,1.5488,0.97201,1.8756,0.94791,0.48357,1.1467,0.82625,0.42896,1.455,-0.17175,0.2869,0.4151,2.7215,1.5632,-0.51351,2.1615,0.37581,0.15845,0.20242,2.8769,-1.0001,0.80732,2.6386,0.40985,0.57946,0.18365,0.65076,3.5055,1.4857,1.0185,0.38909,2.4839,0.062936,1.431,0.29029,0.34375,0.73477,0.58403,1.4523,1.3148,0.83062,-0.2238,1.4173,0.060892,1.7024,0.85011,1.7187,0.025419,2.0944,1.5679,-0.19234,0.55053,1.3104,0.33751,2.097,-0.61601,1.0399,0.25048,1.3467,1.5444,2.2106,1.6476,1.5298,1.9217,2.1497,1.6402,1.6098,0.74861,0.35142,0.62715,2.5336,0.87315,1.8503,0.50666,1.5409,0.70863,1.5674,2.4802,0.46147,0.83154,0.94625,1.6354,0.16042,-0.49007,1.1849,1.4284,0.97222,-0.57679
-0.79797,0.36232,1.8606,1.02,0.49766,-0.14789,-0.35705,1.4043,0.6961,-0.034704,1.1117,1.9002,0.1423,1.2448,2.2135,0.9243,1.4007,0.50093,2.0264,1.0191,1.99,0.82552,1.7541,1.0397,0.28166,0.74882,1.1695,1.17,1.7777,-0.75709,2.1445,2.0117,0.68751,1.4002,-0.059158,0.54515,0.65153,0.22357,0.67642,0.79743,0.24055,2.7543,0.93817,-0.51369,1.1071,0.18594,0.61591,1.6941,1.3975,0.20101,1.9971,1.5995,1.5556,0.38204,1.8286,2.7199,2.1719,-1.997,0.72471,-0.30524,-0.83065,1.144,0.28064,1.0111,1.4281,2.0904,0.88798,-0.65308,1.0965,1.2875,1.1784,-0.34762,0.96768,-0.28296,0.23872,0.078137,-1.4375,1.9545,2.6635,-0.44518,1.8698,1.1261,2.4388,2.5554,0.96774,-0.36562,0.86296,0.066843,1.4021,1.1983,1.5809,1.7977,-0.11332,-0.41234,0.51685,0.56729,0.1544,1.1991,2.9446,0.86856
0.17211,2.2775,1.2065,0.026962,1.7862,0.49704,-1.338,2.1809,0.82257,0.97766,0.58614,-1.3302,1.9605,1.2725,0.27127,0.86597,1.1742,-0.64803,0.80791,1.9261,0.35632,-0.26914,1.2307,1.309,-0.075127,-0.88296,1.064,2.0357,-0.1292,0.30809,-0.89438,0.5724,1.3393,0.27835,1.2262,1.2685,1.2449,1.867,0.47087,1.7986,3.2424,2.5103,2.6124,2.3833,0.99523,1.6778,-1.4031,-0.70674,1.7405,0.92728,1.2637,1.4379,-0.21144,1.5825,1.0911,-0.31192,1.9659,1.1746,0.98641,0.22025,1.4965,-0.16995,0.92309,0.1453,0.93936,1.6265,2.8912,-1.0917,1.9027,2.0305,0.48584,0.085387,2.0886,0.13354,0.090771,-0.13633,2.3034,1.1605,-0.54113,-1.3096,0.67485,0.40348,-0.23123,2.2752,1.8861,0.60482,2.8995,0.95401,1.5316,0.051254,0.86381,1.9198,0.25162,1.3035,1.2242,1.2654,3.528,-2.0498,1.1157,-0.18503
1.8847,0.79339,0.36826,0.86561,0.14034,2.3882,1.2668,1.4804,1.1818,0.59515,1.3071,1.8835,0.37017,0.90117,1.6068,1.9084,1.271,1.9288,-0.058658,-0.6753,1.6683,-1.0667,-0.84471,1.9623,0.62269,1.1697,1.6409,0.96866,1.2436,-0.078294,-0.69032,1.794,1.3206,0.64079,1.3332,2.3969,1.8672,0.77147,2.918,1.4425,1.7003,2.6645,-0.23684,1.862,1.2824,2.7952,-0.68351,1.5312,1.8265,0.90306,-1.0763,0.4406,3.0095,1.4475,0.89073,0.94516,1.7674,1.1983,0.098012,0.82682,2.9466,1.1909,-0.28134,0.736,0.40543,0.85176,0.031103,0.76135,1.0461,1.936,0.31708,1.4686,1.9694,2.6175,-0.071825,1.197,0.2537,2.0591,0.54608,1.2564,1.3387,0.85826,0.64907,-0.44542,0.50358,0.32907,0.45354,2.6519,1.1877,2.4463,1.3771,-0.21469,1.0932,0.54872,1.4436,0.16468,1.2062,0.78035,-0.85118,0.74049
2.0139,1.3999,0.34903,2.0183,2.0557,1.0341,-1.1331,-1.0749,3.3933,1.331,-0.5828,1.584,0.6363,2.2776,0.58601,-0.24471,2.4529,-2.0638,1.6644,1.153,0.11185,1.3791,1.9263,0.11254,0.49826,2.665,2.5209,1.0642,0.33896,1.9492,2.8856,-0.782,1.7681,2.9053,2.0189,0.146,0.82234,1.2835,0.86635,-0.6139,0.88207,0.59984,0.7826,-0.39586,0.63312,2.7532,1.1429,2.4383,-0.1382,0.65726,-0.62931,1.3054,2.3987,1.46,1.3005,2.5062,0.62878,0.54643,0.81317,1.9156,1.2815,0.97503,0.75944,0.1438,1.2691,1.5107,2.542,3.299,-0.54612,0.47378,2.1395,1.3561,1.4159,0.25146,0.57716,0.1734,0.19236,2.3557,1.592,0.31214,0.83945,-0.47015,1.3011,2.8804,0.45167,1.4342,-0.34774,1.3976,0.69036,-0.61407,0.72836,0.21769,2.7535,-0.18765,2.3073,2.1107,1.3848,1.3697,1.4509,0.12509
0.27632,0.32005,2.0727,3.1513,1.6786,1.3316,0.96974,0.612,-0.71537,0.21255,0.7604,1.1908,0.33115,1.4227,1.9578,4.1027,-0.063433,0.96172,-0.26631,-0.33694,0.56677,1.4624,0.12954,0.99945,1.1029,-0.52519,2.9897,0.2922,1.3641,-1.0249,1.7418,0.30476,-0.18174,1.4589,0.81921,-0.35257,-0.21212,1.8239,-1.1592,1.4404,0.34184,-0.061678,1.6057,0.3322,-0.48078,1.8189,0.073827,0.62041,1.0399,0.54303,2.4322,-0.95422,0.80217,1.0906,1.4542,1.1016,2.1688,2.6964,3.2796,-1.8662,0.23069,1.6947,0.79451,-0.4055,0.60041,1.6246,-0.44151,-0.0012253,2.5974,0.74028,1.5408,0.6219,1.8451,2.5113,1.465,0.89982,0.88839,2.3156,2.1186,1.5978,0.98,2.2653,1.8811,2.2188,1.3948,0.11853,1.2625,-1.1055,1.0997,0.16842,1.6464,0.86533,0.9965,1.1153,0.31214,1.31,0.048538,1.2836,0.36365,2.2744
-0.16179,1.1959,-0.33291,1.439,-0.013155,1.7499,0.93824,1.5762,1.409,0.34925,2.1194,0.60741,-0.22275,2.015,0.37332,0.86188,1.9779,-0.3025,-0.30432,2.0566,0.80549,1.3743,1.1624,1.8025,0.49862,0.6893,-0.09045,0.89678,0.61266,0.8577,0.72378,0.91982,1.4817,0.37744,2.7534,-0.54802,1.9806,1.1636,1.2342,0.71007,-0.11642,1.1777,0.9424,0.94531,1.2552,1.276,2.6405,-0.2242,-0.40865,-0.11764,2.4221,2.5355,2.4139,1.1601,0.82297,2.0145,1.0674,1.5715,3.5024,1.8773,0.86766,-0.017424,0.24145,2.4686,1.3256,2.3198,0.92697,0.98067,1.2298,0.57874,0.3848,0.7317,0.57669,-0.36169,1.5943,-1.4229,1.097,1.0766,2.4305,-0.86095,-1.4129,1.2796,0.50071,1.9922,0.95634,-0.34464,-0.46463,-0.32314,1.7275,2.257,0.8455,1.8057,0.42182,1.4209,1.3895,0.62178,0.66924,-0.30391,0.90702,2.1091
1.2028,0.87081,0.59501,0.95101,1.0697,1.1844,1.0251,0.38397,1.3247,0.3527,0.63846,2.0446,0.16389,1.5562,0.77121,1.6083,0.56972,-0.25207,0.26079,1.2197,1.4572,1.2819,1.3085,0.0076381,0.2674,1.4003,1.8338,1.8589,0.88129,0.61276,-0.1857,1.5279,1.1661,0.36997,-0.12457,0.73138,1.9784,1.0344,0.93075,2.1527,-0.16717,1.8014,1.4451,1.9584,1.346,0.84064,1.1055,-0.10273,0.31016,-1.0483,1.2605,-0.63536,1.5709,1.5678,0.82359,0.3844,2.5927,0.61844,-2.0964,2.7392,-1.1046,-0.6572,-0.46995,1.7327,1.7755,0.89668,2.691,-0.17438,-0.2134,1.0008,1.7862,3.0088,0.7689,1.4273,1.6926,2.1221,1.6353,1.3453,0.89965,1.3559,0.89577,1.3792,-0.2069,1.2477,-0.032138,1.6003,1.3443,-0.55283,0.29264,0.96452,0.50752,1.6108,0.7146,1.4167,1.7692,0.3568,0.91007,0.82323,-0.30273,0.56351
1.209,1.4551,0.33594,2.0384,0.38897,0.86685,1.0445,-0.092884,-0.071325,-0.092837,1.2665,3.8467,0.63573,1.8433,1.0414,0.10438,0.31597,0.83209,0.69568,0.70035,-1.0819,0.86348,0.57361,1.184,0.67275,1.2307,-0.91964,0.18465,-1.2142,2.2824,2.4599,0.4818,2.3291,0.85048,0.99047,0.52772,1.1774,1.2976,2.9875,0.21314,1.0465,-0.21603,1.1093,1.3783,1.0564,1.8689,2.8119,1.0126,1.4156,0.019253,0.25239,1.2707,0.77618,-0.69948,1.708,2.3697,0.27506,-0.12891,1.2264,-0.63821,1.3789,0.48967,-1.6404,0.25265,1.4965,-0.11452,1.6057,1.0715,2.1018,1.6917,1.7489,-0.029599,0.50289,0.71313,1.6805,1.9436,0.9495,3.1278,2.0542,0.83719,3.0781,-1.559,2.5555,1.0992,0.24572,1.6021,0.37138,0.16018,1.3465,0.031476,0.63531,-0.053175,1.9062,2.3432,0.9446,-2.0171,1.7444,3.2332,0.79241,-1.3307
1.5259,0.6768,0.068292,-0.71343,1.2745,0.87308,0.33533,2.3868,1.3295,0.054472,0.38524,1.3659,-0.31242,2.3058,1.3442,1.6339,1.287,1.0693,2.73,0.34584,-0.9901,0.56904,-0.20703,1.2995,1.563,-0.49437,2.4314,1.0084,1.1206,0.24178,-0.3556,2.6832,2.4354,2.3527,0.14263,3.161,0.56773,1.0931,0.47013,2.454,1.4345,0.87329,0.44717,1.3319,2.042,-0.1535,1.0013,1.5866,-1.2651,0.087213,-1.0975,0.048255,0.12777,1.3639,1.4176,1.0055,2.9443,0.39624,3.0985,0.75498,1.6821,0.14637,0.76369,-1.0388,0.87172,0.53911,0.85302,2.4996,1.2583,-0.22648,1.1473,0.63816,1.0821,1.6643,-0.75724,1.5132,-0.29604,1.0451,1.1392,0.25439,0.63351,2.1087,1.1587,-0.14724,1.2878,2.3245,0.49662,2.4635,2.22,1.6247,1.8673,1.6194,-2.2132,1.3513,1.6404,1.8642,2.3072,0.0031859,2.1062,0.52765
2.052,-0.75814,0.067172,1.2284,1.4154,0.49171,0.84097,1.8358,1.2088,0.8861,0.3061,2.1381,3.2093,1.2122,-0.4511,3.5041,0.75139,2.7573,1.3439,0.8126,2.2457,1.9751,1.8436,0.71047,0.78151,0.64085,2.1702,1.2146,1.862,2.2171,-1.7756,1.4401,0.25919,0.95936,1.5955,-1.6668,1.1154,-0.54591,2.2896,2.3121,-0.74982,-0.24731,1.5526,0.5106,2.0739,1.1121,-0.08023,1.305,0.33455,0.44722,0.70249,-0.7094,1.7928,1.7357,1.9466,1.998,1.1543,0.044779,1.6945,-1.4048,2.2703,1.3117,2.1941,-0.14099,0.041212,1.0062,-0.36435,1.3381,1.1411,1.2942,1.9736,0.64712,0.16433,3.3308,0.88589,0.14143,0.038555,1.8694,1.4263,-0.10239,1.7256,0.91619,1.2923,2.3157,0.81504,2.4731,0.79279,0.28585,0.30752,1.3413,0.58164,0.12483,0.81479,0.67208,0.34881,2.4963,3.5094,0.85737,1.5227,0.87457
1.4468,2.6575,0.30002,2.1094,-0.35165,1.8225,0.7568,0.48789,0.22542,2.0779,0.72513,0.56422,3.428,1.1304,1.0091,2.0939,0.863,2.8789,1.2607,1.6411,0.7728,2.5304,0.15462,0.85302,1.283,-1.0086,-0.54142,0.31109,1.1746,1.1327,-0.50025,1.525,2.5254,0.88037,1.9599,1.6405,0.51705,2.332,1.2117,2.2601,-0.22424,1.7492,2.3099,2.5477,2.0116,2.1827,1.1155,-1.3803,-0.83891,0.49818,-2.283,-0.3969,-0.52631,2.8608,2.1942,0.46699,0.27111,0.80112,1.3593,2.0694,1.577,1.2346,0.10213,-0.15883,0.87222,1.2603,0.42525,2.0262,-0.15816,1.3677,0.53681,1.1257,1.5969,0.70991,-0.076202,1.5347,1.762,0.92476,0.65209,0.69494,0.55473,3.0536,0.1726,1.4466,1.3733,1.4985,-0.84412,-0.62262,0.92559,0.76833,0.36497,0.70865,-0.014136,0.64491,2.0967,-0.8994,1.6617,1.7725,1.0437,1.9597
2.0604,1.0724,0.058555,0.77726,2.4189,2.8082,1.7845,-0.074578,0.94317,-0.81112,2.5844,-0.85545,0.17494,1.3892,0.20796,0.8695,-0.12634,1.8254,1.4507,3.5063,0.09473,1.9072,2.5298,1.159,1.5063,0.020523,0.89407,-0.043754,0.71571,0.18859,1.5509,1.9689,0.1236,0.38097,0.48885,0.91114,1.809,1.4263,1.3437,0.59314,2.0542,0.04068,-0.79728,0.0026425,1.1079,-0.46412,-1.5578,-1.902,-0.18101,-0.53784,-0.54685,-1.3633,-0.61404,-0.013159,0.90745,-0.8556,0.96981,-0.5382,-0.14652,-0.16769,1.7027,0.19318,0.85598,1.3425,3.003,1.5714,-0.34325,2.2134,0.3708,0.27231,-0.79873,2.0107,0.13036,-0.24346,0.49588,1.503,0.98183,1.9324,2.22,1.7656,2.3639,1.9393,1.3008,0.53077,1.2823,0.72541,1.4352,1.1695,1.3447,1.1656,0.33806,0.47643,1.4263,0.79576,-0.89177,-1.0468,-0.0079765,-0.89117,-0.057236,1.0396
0.89548,2.5617,0.99209,1.4158,3.0129,0.27246,0.48743,2.7905,-0.28105,1.6852,0.92063,1.3537,1.0019,1.2811,1.9216,0.65909,0.34348,0.91692,1.8318,-0.43681,0.907,3.1696,0.46459,0.76726,1.2791,2.5445,-0.58022,0.50269,2.5268,1.8909,1.1157,0.46829,2.1599,1.1225,1.2197,2.2682,0.81644,2.8252,2.3851,2.1256,3.2481,-0.99158,-0.97694,2.7585,0.94307,1.2242,0.40158,1.8034,-0.62087,-1.0704,-2.185,-2.1805,0.58283,1.6789,0.86877,1.9139,3.551,-0.049664,1.6129,1.7058,2.134,0.69018,0.082639,1.7927,1.1315,-0.46627,-0.35816,2.638,1.817,1.4222,3.0985,0.33476,-1.738,0.58275,1.3282,2.3782,1.9324,0.67395,0.95989,-0.20862,-0.42753,1.3411,1.0743,2.1143,0.59434,0.75757,2.1118,1.5851,1.6636,-0.45722,2.7125,1.9038,2.1194,1.9235,1.613,-2.5127,-0.93737,0.028735,-2.0028,0.84193
1.8929,2.6449,1.4454,-0.091336,-0.78409,0.080421,-0.15224,1.6599,0.16471,2.6681,1.7969,0.58652,0.38332,0.549,1.7642,-0.48692,-0.1163,0.42943,-0.3823,1.4127,1.6355,1.9946,0.23187,-1.4907,0.56383,0.70639,-0.09881,0.062411,2.625,0.84359,1.5356,-0.3925,-0.25472,-0.57796,0.72229,1.9032,0.926,1.7188,1.222,1.1507,0.1054,-0.72622,1.5548,0.6361,0.16757,0.40985,0.60239,2.1144,-1.4271,-1.9107,-0.88978,-2.3294,1.4575,1.9144,0.14749,2.7809,-0.49324,0.61,0.76663,0.88981,1.4295,1.7287,1.2424,2.243,-0.28215,0.92486,1.3003,-0.67935,2.1152,1.0375,1.8402,1.732,1.0533,2.3347,-0.32569,0.56103,0.65095,3.1597,-0.0018259,1.707,0.69473,1.3292,1.1053,1.162,1.4256,0.96445,0.3777,0.73461,1.3804,-1.2743,-0.66016,0.13434,1.2592,0.89861,1.5029,-0.98433,-0.35991,-0.76195,-0.70675,1.8231
0.89714,-0.27238,1.6181,0.51913,0.57581,1.5383,-0.28179,0.79648,1.2503,0.39082,0.49414,1.2581,-0.10197,0.010123,-1.2164,0.90202,0.72564,1.315,0.37869,1.0856,0.82026,0.9388,0.31691,1.1125,0.7986,2.3549,1.0838,1.1033,-0.38705,1.0392,1.2065,-0.14613,-0.8879,1.8744,0.26296,0.61554,1.2573,-0.7072,1.4421,2.2935,1.6996,-0.053558,2.3085,2.9108,0.53106,0.17092,0.90361,0.048689,-1.3542,-2.0847,-0.67367,-1.4815,1.1233,0.87858,1.8184,0.66284,1.4491,2.203,-0.6158,1.1444,-0.63681,1.566,-0.77907,1.4921,0.6968,0.26856,2.0995,0.94896,0.16902,1.8416,0.56749,-0.44056,0.90156,2.4736,0.83269,1.375,2.2664,1.4436,0.74165,1.818,1.5744,-0.37753,1.6556,1.6347,1.27,0.056433,1.1247,1.3838,0.74147,-1.4771,0.84041,3.8626,1.785,0.65577,1.5646,-0.43176,-1.8485,0.11781,2.11,0.85825
0.84417,0.83024,-0.20446,1.5134,0.71276,-0.82927,-0.37126,-0.29979,1.5352,1.5189,0.92697,0.94414,-0.88828,0.64842,-0.0078419,1.2296,1.8506,1.183,0.84518,3.2524,1.2205,0.94975,0.20756,1.8403,1.9395,1.5975,2.3026,0.0785,0.25761,1.4929,3.0604,1.0111,0.46673,0.90773,1.8131,3.6141,0.62817,1.8705,1.155,0.70197,0.55866,1.6021,1.7405,1.6444,1.6148,2.8143,1.205,1.4978,-1.7804,-1.1063,-1.3937,0.88795,1.8181,0.36183,2.5415,2.0495,2.1978,1.6518,1.4522,0.23142,-0.41397,1.0781,0.056374,1.014,2.1745,0.50059,1.2606,2.1126,-0.29111,0.69298,1.8687,-0.18143,-0.54004,0.9804,0.80147,2.6757,1.5579,0.73851,-0.33682,1.0105,1.4532,1.7894,2.7867,-0.54551,0.53059,0.58372,1.7519,-1.4433,1.3281,0.10457,2.8738,2.7089,1.2989,1.6678,0.47551,1.5375,0.29797,0.0099854,1.6834,1.9472
-0.91038,0.9912,0.65056,-0.025201,1.9528,3.124,2.012,1.9163,-0.068174,0.79412,-0.36097,-0.33374,2.1728,0.076133,3.2157,0.97982,1.8061,-0.67626,0.3654,1.7492,-0.13507,1.012,-0.17715,1.0878,-0.32339,1.5811,-0.15415,-0.7576,-0.022515,-0.0049071,-0.85518,-0.093664,1.3675,0.64936,0.65864,2.0268,-0.11018,1.5301,1.2171,2.4027,0.44356,0.99803,0.48385,0.57854,-0.2136,0.42857,-0.26517,1.1002,-0.015479,-0.20704,-1.7314,-1.1435,0.21535,-0.61374,1.5628,0.57199,0.69623,1.8306,-0.58853,1.8312,0.72437,1.1147,1.1847,-0.3862,3.5019,1.4999,0.74304,1.0076,0.94804,1.0534,0.95264,0.60578,2.8735,0.70612,2.0039,0.8471,1.1189,0.025442,1.7885,3.1611,-0.71723,0.60234,0.46475,1.8628,-0.27396,0.78587,0.31984,0.69154,0.50053,1.288,1.2984,2.4887,1.2575,1.7843,-0.34218,2.2844,1.5502,-0.073675,0.92592,0.49146
0.12818,1.6254,1.0504,-0.18358,2.5737,-0.041392,0.29523,2.67,-0.95416,-1.6235,1.299,1.1581,1.2977,-0.52586,2.092,1.927,0.82367,0.97454,1.439,0.042507,2.8339,-0.546,2.5757,0.60528,0.17122,0.43845,1.1353,0.95377,1.9733,-0.93316,1.4462,0.55496,0.98958,-0.063748,3.0958,1.7509,1.9714,1.4547,2.2748,1.1153,1.6272,2.1127,0.53958,0.83301,1.3133,1.6422,0.47391,-0.43523,-2.8736,-3.1365,-1.631,-0.40009,0.47878,1.1146,2.1859,1.4097,1.3099,0.48933,1.7798,0.95031,1.2963,0.31268,-1.0578,1.5053,0.79894,1.1069,0.7201,2.451,0.63707,0.90228,-0.49837,0.10753,-1.2119,0.99688,1.3253,2.262,2.1203,0.24445,1.3325,0.7359,0.91812,2.27,1.3609,0.94686,-0.53062,-0.085154,2.601,0.36363,1.9681,0.34457,0.77594,0.92139,0.23694,-0.68713,-0.049562,1.3034,1.1339,0.76599,-0.030736,1.574
2.0533,1.1691,-0.08888,0.181,0.055741,0.1569,0.53416,0.48119,0.38408,1.3319,2.346,1.3458,0.86636,2.2135,1.0388,0.66788,-0.11453,1.1958,0.69478,1.7601,1.7695,1.3857,0.61831,2.3068,3.5009,1.9178,1.8823,0.084252,-0.21541,0.28827,0.59095,-1.4462,0.40987,1.7838,2.3229,0.76639,0.41074,-0.43583,-0.051219,2.24,0.68724,0.69571,1.1495,1.7115,0.84128,0.90301,1.4816,1.0554,-2.7967,-0.7866,-1.4937,-1.6119,-0.186,0.46888,0.61422,0.10099,2.1873,1.4505,2.0944,1.0987,1.2751,1.4268,-0.20536,-1.2604,0.38045,0.35305,-0.65351,1.8606,0.51688,-0.35903,0.53689,1.3249,0.92787,0.65702,0.37177,0.063437,0.048643,2.0247,-0.6458,1.9334,1.8843,0.50017,0.40542,-0.89039,1.1904,0.00056198,1.9246,1.0008,0.30931,1.9448,0.33157,-0.13351,0.10332,0.25052,-0.23946,1.5233,2.0414,2.2013,0.93322,1.1446
1.3445,1.4613,1.1195,-0.99242,1.7542,0.42304,0.32265,1.2353,0.018486,0.025324,0.3764,0.55715,1.2021,1.6503,-0.57866,-0.038974,0.92389,-0.85158,1.236,-0.040343,-0.58775,0.51633,-0.87654,1.4852,1.1032,0.35808,2.8138,1.2034,2.684,-0.15452,0.31517,0.044746,2.2398,2.0513,-0.052797,-0.94719,3.7244,-0.057442,-0.15508,-0.75188,1.9776,1.8865,0.87702,0.77856,1.2764,0.087457,2.8668,1.0957,-1.3051,-2.5302,-0.95121,-2.4318,0.51818,1.8704,0.91234,0.45977,1.1581,0.667,1.214,0.50353,0.011011,0.51421,0.98194,-0.49018,1.1296,1.4408,1.3246,0.79146,3.1615,2.2989,-0.17425,1.3825,-0.15298,1.272,1.258,0.44983,2.2192,2.2668,0.27331,1.2257,1.659,0.85453,2.3274,3.3395,1.7745,1.9238,1.6332,3.0016,2.244,1.6279,-0.11533,0.32644,0.12722,1.7233,1.3376,-0.81648,2.487,1.5167,-0.43414,1.5943
1.256,2.298,0.13657,1.0195,-0.18825,-0.24871,0.49904,1.6879,1.5197,0.28932,2.1326,1.5212,-0.44062,-2.4462,-1.7676,-1.1979,-0.77497,-0.87856,-0.88874,-0.15031,2.089,1.1419,-0.054087,1.4759,1.3874,0.6366,2.3357,-0.35344,1.2157,-0.4411,1.4465,1.5332,0.8919,0.15535,1.6603,0.39928,0.63053,2.0662,0.10129,0.37965,-2.4399,-1.6221,-0.072479,-2.8885,-0.37629,1.0885,-1.2253,0.1391,-2.1957,-1.804,-1.0403,-1.0174,-0.51683,1.5043,-0.4659,-0.577,1.2674,1.4407,1.1416,0.088736,0.96134,2.5842,2.2166,-1.725,-1.4626,-0.26517,-1.774,-1.7081,-0.86525,-0.66824,-0.48804,0.4372,1.7799,0.33379,-1.1995,0.099482,0.4781,2.2469,0.91889,-0.47306,-0.17483,-0.94568,-0.21685,1.1152,0.82291,-1.9338,-2.2719,-1.6163,-1.9502,-1.5786,1.8916,0.22086,0.76027,1.5537,1.8245,-1.2333,-1.1743,-1.1615,1.992,0.94038
-0.17657,0.8707,0.52158,0.28813,0.93049,1.0886,0.19516,-1.3674,1.773,-0.28713,0.85487,-0.42319,-2.3472,1.2962,0.93638,1.3332,0.72639,0.38643,-0.54981,-2.7901,-1.2444,0.92964,2.4119,-1.6127,0.51719,-0.11415,1.5751,0.8672,2.2491,0.18456,1.5176,2.0812,-0.46402,1.3334,-0.17679,-1.2588,2.3591,0.92146,1.8575,-1.4888,0.62085,-1.5244,1.6935,0.56583,-2.7394,-2.2003,-0.011005,-2.5476,-1.4036,-3.1739,-2.0797,0.46673,2.0665,-0.1849,1.9554,1.8004,-0.86458,0.2119,1.6879,0.58494,0.53774,-0.16687,-0.82924,0.57578,1.1653,0.8289,0.18713,0.96588,-2.3489,-1.6948,-0.16248,-1.1562,1.9043,1.26,0.69987,0.74866,-0.52218,-1.3717,-2.8543,-0.76648,-1.1328,-2.304,-0.28407,0.96144,0.64229,-1.1187,-1.1775,0.059884,-2.6367,0.50603,1.5017,1.6009,-2.1237,-0.78839,-0.44207,-2.4033,-1.207,-1.7879,1.941,0.87858
-1.5402,-0.57468,0.44911,1.1084,1.423,-0.1198,1.9342,1.4776,0.72973,1.0617,0.239,-3.0425,0.64672,0.76499,2.5355,-1.7292,0.56283,-0.38013,0.44345,-1.4148,-2.2629,-1.9029,0.0056324,0.37051,-0.32036,1.9863,1.8741,2.0162,2.4646,2.5052,0.96043,1.1072,0.93246,0.68689,2.1029,2.1915,1.1251,-1.5217,-1.0892,0.95365,1.2946,0.57612,-0.69028,1.4294,0.80543,1.1191,0.21871,-1.3179,0.65246,-0.50502,-0.61521,-1.9698,1.0837,1.3736,0.64802,-0.35022,1.1092,1.0221,1.9256,1.3317,0.10986,-0.83315,0.98844,0.39289,0.57839,1.6004,0.83172,1.325,0.99056,0.47654,-0.29469,-0.93739,2.0562,-0.057101,1.6131,-0.45204,0.66945,0.48592,0.11861,-1.1389,-0.076348,-1.3069,1.8406,-2.3517,0.2655,-0.16591,-0.75976,-1.112,-1.1817,0.3922,3.364,1.7047,1.0086,0.60999,-2.1053,0.55739,-1.4254,-1.5944,0.9737,0.73519
-2.3815,-0.31032,0.32556,0.52066,1.3877,2.556,0.56854,1.1717,-0.40104,-0.39975,-1.4132,-1.3646,1.8627,1.2876,0.43481,1.7802,1.0169,0.8144,0.18049,-0.96539,-2.7657,-0.91146,0.98263,1.169,1.5005,0.74851,0.82219,1.5267,2.4302,-0.55198,1.4405,0.80027,2.3366,0.14696,-0.49818,-1.3765,0.42472,-1.5454,0.99417,0.090766,0.26176,1.2608,1.0264,0.91515,0.73,1.7269,0.40441,1.0952,-1.4783,-0.56723,-1.885,-1.4726,1.0918,0.62968,0.34408,1.3109,0.75305,1.515,0.52171,-0.48779,-2.3224,-0.21176,0.7743,1.7263,-0.30665,-0.59608,0.66977,0.75893,0.30194,-1.005,-1.9762,-2.0205,-1.1368,1.1422,1.2763,-0.39289,0.61608,1.7597,-1.8519,0.47386,-1.4081,-0.70552,-1.2017,-1.045,0.50387,0.19346,0.59514,1.4214,-0.92278,-0.67463,0.94173,0.85844,1.1935,1.0637,1.5314,-0.019919,-1.6352,0.34862,0.5876,-0.54546
0.063073,-1.7199,0.97412,2.3435,1.5052,0.73098,1.9013,0.64174,-1.2902,-2.0818,-0.079121,-0.6242,0.10718,2.4144,1.4559,0.34881,2.9296,1.192,-0.99239,2.0764,-1.5068,0.60026,-1.7091,1.985,0.86434,2.2478,0.33517,1.0106,1.0494,-0.41086,2.1914,0.50379,1.2676,1.3464,0.77737,-2.0598,-0.55599,-2.9102,-0.61388,0.40224,1.9154,1.9592,1.8067,1.2699,0.93492,-0.64739,0.047033,1.5027,-0.85303,-0.29687,-2.0305,-0.45151,0.77895,0.16235,0.71515,0.60016,1.4656,2.3433,-2.0414,-0.43574,-0.99987,2.6165,1.6008,1.2546,1.1457,0.7338,2.2912,2.4599,-0.94663,0.18112,-1.3312,-0.93266,-1.2812,2.4128,-1.5784,-0.44496,-1.2875,1.4788,-0.21796,0.040146,-2.5357,-0.59326,-0.6405,2.2111,-1.1093,-0.10365,2.6912,0.57661,-0.40023,0.4778,1.9434,0.055045,0.18419,-0.52479,1.3364,-1.615,-0.042096,-2.4117,-1.5646,1.1728
-0.58905,-0.975,1.0045,0.71552,0.98576,1.2264,0.48902,2.9294,-1.0209,-1.2288,-1.9653,1.6087,0.7808,-0.10007,-0.27047,0.45878,1.535,2.0255,3.201,-0.2887,-0.50517,-0.56721,-1.8976,-0.20777,1.4398,0.30035,0.11667,-0.40692,0.1561,-0.12251,-0.44928,2.0916,0.78162,1.5821,-0.034478,-1.5155,-1.7029,2.2909,1.9171,2.9776,0.78539,0.6299,2.8163,-0.31267,2.0583,2.0633,1.4584,1.4222,-1.308,-1.4488,-2.7581,0.188,1.2445,-0.15295,0.77397,0.73935,0.67764,1.5826,-2.0142,-1.8084,-2.1809,-0.55141,1.3178,0.94826,0.89061,1.7162,1.4897,1.5224,1.6688,2.1041,0.7718,-2.337,-0.42859,0.88011,1.594,2.9047,1.8469,0.4628,-1.1185,-2.4557,-0.39161,-1.231,-2.7077,2.2378,2.4085,2.3125,1.0529,-1.0688,1.0792,-0.037004,1.0231,-0.88251,2.4104,0.19449,0.54191,-0.066502,-2.0353,-1.985,2.3934,1.81
-2.3796,-2.1911,0.75005,0.26455,1.1053,-0.075841,0.73436,-0.5047,-1.0258,-1.5179,-1.7445,1.4882,0.61212,0.10319,1.8818,1.0634,1.3014,1.0334,1.1641,1.3692,0.022837,-1.2933,-0.65633,-1.2353,0.30442,2.27,1.5308,0.56301,-0.90231,0.7072,1.6858,0.98832,0.026742,1.2573,-1.5273,-2.2887,-1.8601,1.9843,0.5909,1.2426,-0.001276,1.8939,0.040726,1.2082,1.6777,-0.98555,1.7456,1.6031,-2.9395,0.064041,-2.6546,0.017387,0.8348,0.99188,0.28577,1.7336,-0.081242,-2.905,-1.1796,-0.30789,-1.2181,1.4129,0.73489,0.42048,-0.71824,-0.68139,1.026,1.3797,1.4586,1.9284,-2.528,0.60907,-0.93228,0.19633,1.6047,1.8089,2.5044,0.81675,1.6884,-0.98261,-0.77589,-1.4925,-1.8153,1.2927,1.2355,2.848,2.4126,1.3233,1.9581,1.5897,1.3941,0.45205,-0.34891,1.6058,1.1815,-1.51,0.31747,-2.0612,1.7452,1.7439
-2.5432,-3.0903,0.66859,1.3622,1.8681,0.61891,1.6581,0.69343,-1.2069,-0.28669,-1.2017,-1.522,-2.5745,-1.7788,-0.04124,0.85391,1.565,3.5629,0.27494,-0.86706,0.27432,-0.43794,-1.6792,-0.10292,1.8329,0.57015,1.4264,-0.30471,0.39713,0.35263,2.1995,1.8404,0.19778,-1.7486,-1.2093,-3.0743,-1.5881,0.54261,0.64797,1.1529,0.10224,1.4933,0.32062,0.1144,0.14804,0.63744,0.73181,1.8338,-0.92187,-2.4793,-1.5475,-2.7426,-0.70866,0.62188,2.6111,2.8612,0.86847,-1.6692,-2.8567,-2.7838,0.31043,-0.16572,-1.8787,-0.92292,0.76763,-0.031682,2.3228,1.0763,-0.27029,-0.32103,-1.976,0.40273,-0.94079,-1.19,1.2717,1.0862,0.78699,1.9875,1.32,-1.02,-1.2612,-1.5311,2.677,2.1155,-0.54662,-0.94006,-0.33226,2.8158,1.5295,1.4916,1.5037,3.6703,0.57842,2.6564,-0.0024744,0.42107,-0.34002,-0.71541,1.1469,0.90414
-1.0656,-0.59308,-0.56918,0.55942,1.7144,0.58504,2.6402,0.81105,-1.8523,-0.50139,-0.099912,-2.0753,-0.73594,0.53236,-1.0818,-1.8391,0.71661,-0.28498,-2.1289,0.29388,0.22441,-1.1405,0.29194,1.5882,0.42152,-0.52207,-1.4239,1.4378,2.3675,1.1398,0.25669,1.0487,1.2143,-0.7473,-1.0537,-2.8722,0.37852,3.5124,0.86719,0.071626,2.8208,3.1578,1.4207,0.36078,1.0619,0.079116,1.0355,1.031,-0.60518,-1.8851,-0.55391,-0.40689,0.40384,0.60874,1.3538,2.5736,1.2227,-2.2765,-0.13504,-0.93126,1.1821,-1.6166,-0.40127,-1.6116,0.042192,-1.3257,-1.8778,-0.9135,-0.2778,-1.3054,-1.0186,-1.5277,0.97297,1.3552,0.011553,3.0835,3.1892,1.5111,-0.1444,-0.91513,-1.1091,-1.488,1.3417,-0.69792,0.52203,-0.48352,-0.18291,2.7402,1.5722,0.6857,-0.093861,1.3532,1.4308,1.6729,1.2938,-0.28944,-1.3284,-2.344,1.3483,1.0472
-2.0061,-0.28207,1.63,0.62588,1.8683,-0.21565,1.977,-0.98796,1.9951,-1.2828,-0.93281,2.39,1.8814,2.1291,1.0575,0.66353,0.88906,1.3005,-0.422,-0.35113,1.5713,1.2459,1.9891,0.22504,-0.1096,1.0446,1.1517,1.0042,1.0928,0.89744,-0.35054,0.6475,2.7681,-1.512,0.70865,-1.9095,-0.032957,0.45459,1.1714,1.3401,0.73548,1.0177,1.7026,1.2825,0.33233,1.9245,1.2195,0.71357,0.12455,-1.3605,-0.21804,-1.0111,0.31616,1.7951,0.51844,1.0937,1.468,0.69236,-1.0511,-2.5876,-1.3955,1.197,2.7088,1.9536,-0.28231,1.9384,1.6818,0.28481,0.11502,1.2062,-1.1825,1.0772,0.37844,0.63727,1.5615,-0.038843,0.23878,1.1569,-0.45105,0.49392,0.83683,-1.8941,1.8375,1.2953,1.5422,0.26216,1.1982,-0.55294,1.268,3.2662,1.4871,2.1527,0.78371,1.3118,1.6059,-0.23353,-0.84927,-1.6776,-1.4638,0.91124
-0.33982,-0.24177,1.1469,-0.19498,-0.17874,0.86677,2.3924,-2.3559,-0.89963,-0.73408,-1.4523,-0.15528,1.2842,0.2584,0.89433,2.3401,1.8101,2.7214,1.4269,0.80709,0.93943,0.58844,1.5347,1.3005,2.3005,1.988,3.3236,0.17769,-0.4204,0.61613,-0.041554,0.41726,-0.69992,2.2742,-1.1818,-1.8247,-0.78128,-0.82526,0.90885,-0.52086,-0.27616,-0.55008,1.5759,1.1375,0.83454,-0.17703,0.1216,2.2347,-0.27875,-1.1042,-1.4935,-0.71675,0.97527,-0.6973,0.88219,2.4697,0.8195,-2.0754,-1.2593,-2.1862,-0.51809,1.4781,2.2421,2.0459,1.2697,-0.14266,-0.70181,1.2769,3.0961,2.3437,-0.18215,1.0584,2.1195,0.081116,-0.23176,2.5058,0.94003,1.2462,0.37093,-0.43607,0.12231,0.1615,1.1666,2.405,0.66374,0.22359,2.0125,0.35326,3.3458,0.28004,2.4148,-0.56179,2.0513,-0.30602,0.66994,0.17808,-0.90782,-1.3446,0.37672,0.1847
-0.37315,0.033944,1.3122,-0.80986,-0.62154,1.2316,0.9228,0.057007,-0.53143,-1.6228,-0.85771,0.62104,0.40035,0.82602,0.098441,1.5784,1.0135,-0.25117,1.0569,0.41587,0.37494,3.1411,-0.047333,1.6756,1.0061,1.8005,2.3812,0.65377,-0.31014,2.9505,1.0751,1.1828,-0.65252,1.1069,-1.0996,-0.79918,-1.2182,-1.0592,1.5252,0.1726,1.3198,0.49448,3.0773,0.26229,1.8145,-1.1829,0.999,2.5152,-0.38916,-0.96764,-0.0066205,-0.99126,1.2533,-0.35932,0.23753,0.60542,-0.7666,-3.3866,0.40604,-0.49894,-1.5436,1.8431,1.1528,1.1746,1.5969,1.7411,-0.86653,0.29302,-0.060865,0.19982,1.6038,0.27223,2.8058,1.1691,-0.10577,0.59011,1.3259,0.82307,2.8721,-1.5928,-2.6169,-1.79,0.61318,-0.442,1.0664,1.5786,-1.7352,1.8109,-0.17337,0.167,2.2995,-0.39136,2.2742,0.27128,1.3645,0.46464,-2.9999,0.82588,1.0832,2.1668
-2.0878,-1.1135,0.21404,0.59573,1.5716,0.76537,0.31153,-0.88944,-0.95732,-0.63216,-2.583,2.0033,0.75073,0.99244,-0.56463,0.85769,4.1199,-0.203,0.58602,0.18752,0.28362,1.9867,1.3746,-0.72287,2.8424,-0.083434,1.1519,1.5826,-0.79735,2.204,1.3197,0.062814,0.5732,0.91303,-2.2428,-1.0725,-2.9395,-2.604,-0.21382,0.3095,-1.0697,-0.50093,-0.8801,1.6753,1.4345,0.54232,0.61558,1.047,-0.050653,-0.58565,-1.2287,-2.2283,1.9292,0.035476,0.65155,-0.028431,1.018,-0.86089,-0.94015,-0.25111,-1.8541,1.4906,1.252,0.92481,1.9341,0.35214,1.6949,1.9704,1.4468,1.1813,2.174,2.437,-0.14808,-0.69465,0.38021,-0.22142,1.4023,0.94389,1.1838,-1.3627,-0.81642,-1.08,1.0103,0.33344,1.4839,-0.50205,0.36737,-1.182,-0.16826,0.8107,0.249,1.8583,-0.71995,1.7638,1.2839,-0.80531,-0.024996,-1.0525,1.2479,-0.82847
-1.1975,-0.95555,0.94128,1.8463,1.3315,1.4639,1.2619,1.0251,0.3681,-1.9317,-1.0975,-1.4943,2.0455,1.1596,1.4897,1.3695,0.96779,2.2882,0.72399,0.87328,1.7496,1.3816,1.7,1.8329,1.703,2.7691,0.56307,0.87973,1.5485,-0.82366,0.029823,1.5465,-1.0909,1.0341,-0.48793,0.65919,0.36839,-2.8972,0.87209,0.38035,0.7228,0.57177,0.84094,1.1463,-0.086339,2.6332,-1.2299,-0.17461,-0.75935,-0.41984,0.38181,-0.29352,0.68367,1.4986,-0.58385,-0.52572,1.7835,0.52643,0.95361,-0.37294,-1.5946,-0.81376,-0.54878,1.0664,2.4681,0.2801,0.35494,2.6728,1.1727,1.7391,2.8693,-0.067397,1.6524,1.4457,0.74622,1.4289,1.3278,3.347,1.1233,-0.1693,-2.2999,-2.4794,0.87901,1.2019,1.133,0.13966,0.7018,0.98605,1.5859,-0.34708,1.2342,0.39407,1.5387,2.0591,0.9294,-0.0020871,-0.39373,-2.0453,1.7438,0.29765
-1.7482,-1.3654,0.22318,0.47944,1.0845,0.51532,-0.12862,3.0294,-0.89179,-0.39567,-0.51079,0.77823,-1.6385,1.8029,1.3509,1.7266,1.5767,3.2607,0.88937,0.62451,-0.70145,0.20944,0.32182,2.466,0.8269,1.987,3.3426,1.5778,1.4752,0.02928,-0.20168,1.2488,0.27806,-0.5417,2.0701,-1.1745,-2.0828,-1.5902,-1.3325,0.81378,-0.53339,1.2856,1.8766,0.13322,-1.1672,-0.30872,-1.2803,0.34712,-1.1749,-1.0909,-1.185,-1.4019,1.5967,1.1321,1.9709,0.017385,0.89973,2.4591,-1.9823,-2.7057,-0.42534,0.50646,-0.98389,-0.59614,1.5492,0.075778,2.0459,1.5428,1.5063,1.7112,1.4185,0.58006,2.1823,3.1687,0.57668,3.3451,0.6484,1.1057,0.25684,-2.5602,0.40864,-1.3685,1.092,2.1054,2.8505,1.4798,1.3165,-0.007622,0.85184,-0.35622,3.4226,0.066837,-0.48401,1.1713,2.1864,-0.80047,-1.7248,-2.5732,0.65922,0.2534
-1.4308,-0.50169,-2.3862,0.60416,2.5849,1.7373,1.9656,1.6208,1.2645,-1.3897,0.62792,-1.6011,-1.2821,-1.3118,0.90114,0.79821,0.33259,1.5809,2.9108,1.0863,0.012152,-0.040917,-0.083418,1.2855,-0.24079,-0.36105,1.1217,1.4384,-0.2,1.3531,1.6856,2.36,1.5004,0.57518,1.9974,-3.0655,-1.0636,-0.95218,0.85962,-1.2919,-1.4865,1.9953,2.0377,1.7823,1.7681,-3.001,-1.1863,-0.15496,-0.7869,-0.9953,0.084794,-1.3951,1.5521,0.049962,0.39727,0.96621,2.4026,-0.47012,2.0193,0.6724,0.10554,0.23395,-1.6745,-0.0095338,0.68148,3.4159,0.99934,0.79245,-0.071805,3.1291,1.9472,1.622,-1.0451,0.093277,0.55752,1.3888,1.4337,0.44202,1.191,-0.28012,-1.7091,-0.64234,1.2108,1.8191,0.32951,1.1252,1.8394,1.5737,0.32954,1.282,1.8256,2.2695,1.327,1.818,2.2676,0.083003,-1.9798,-1.5857,0.33779,-0.41635
-1.0532,0.47562,-0.30346,0.24754,2.1419,2.3176,-0.36178,0.4506,2.5981,0.95332,-1.0282,-1.0547,-1.5833,-2.0765,-2.5519,-1.2033,-1.1795,1.3076,0.76429,-0.92445,-0.70752,-0.47441,1.938,1.8031,0.16169,1.055,2.1745,1.053,-0.48478,-0.99747,-0.16774,-0.92038,3.221,0.22394,2.5805,0.15709,-0.60711,0.11898,-0.64991,-1.4934,-0.53968,-3.108,-2.6226,-2.7354,-1.0339,-0.39127,1.8064,1.9543,-2.1859,0.76043,-0.38312,-0.27085,2.4011,0.27548,1.4019,0.23103,0.67249,0.57221,-1.6656,0.91636,0.051243,-0.88713,-0.51502,-1.92,-0.3381,-3.2152,0.46063,2.0607,1.1781,-1.7324,-0.74338,-0.62523,0.91954,0.8751,-0.12143,1.6822,1.3981,0.55711,1.5209,-1.2521,-1.235,-2.8064,0.13666,-0.25888,0.72604,-0.14672,0.70649,1.3514,0.90725,1.9023,1.6407,0.62745,1.0081,-1.0194,-0.38734,0.29274,-0.7677,-1.773,0.01514,1.8668
-1.7387,-0.0763,-1.4456,-1.8255,-2.3524,-0.38915,1.319,3.0296,-0.62673,1.8647,0.72572,-2.2332,-3.6152,-0.66258,-0.90988,-0.80846,-0.81436,-2.6293,-1.7665,-1.3209,-2.0563,-1.5334,0.56779,2.0324,3.6002,1.339,0.229,0.83457,1.8939,1.6803,1.0328,2.6459,-0.47483,2.1686,1.058,0.5639,0.10286,1.1852,-1.4228,-1.1707,-0.71354,-1.388,-0.5703,-0.97041,1.1841,1.4065,1.2022,2.08,0.078821,-1.9415,-0.16628,-0.77149,-2.0147,0.41481,-0.92839,1.161,-0.93265,1.565,-1.5273,2.7259,0.55489,-0.63779,-0.059557,-1.2846,-0.17136,-0.28537,-2.045,0.75344,-2.767,-0.90526,-0.52257,2.3472,0.56131,1.1703,2.0695,-0.69777,-0.92026,0.019044,-2.631,-2.4892,-0.13541,-2.7694,-2.7991,-0.37343,-2.7262,-0.060141,1.8651,0.96873,1.864,0.79149,0.71284,1.5976,-1.9599,-1.2455,-1.1541,-1.2216,-1.7658,-1.8927,-1.7997,-1.6279
3.7744,1.3198,0.9931,-0.050137,0.83805,2.0603,0.82123,1.3933,0.913,1.0319,1.6104,1.7176,0.61854,1.9006,0.96891,-1.9936,-1.5664,-0.27684,1.2829,0.77371,2.3793,-0.7639,0.89076,2.2016,1.2455,-0.14124,0.34249,-0.16963,1.6621,0.65814,0.78127,1.8685,0.39035,1.9425,0.66107,1.6589,0.11012,0.91118,1.349,-0.58814,1.1732,-1.3308,-0.041496,0.73396,-1.0248,0.20682,1.4244,1.6692,0.35971,0.75541,1.1681,-0.45239,-0.39114,1.0046,3.1004,0.76255,1.2718,-0.35813,0.39335,0.74514,-0.29149,0.34304,1.1073,0.48766,1.5141,-0.36646,-1.6323,0.59014,1.2323,0.14766,1.7534,1.0084,2.2836,-0.69589,0.76794,1.3149,0.39157,1.4343,2.1685,1.7998,2.4256,1.0826,0.8895,1.0261,1.3769,1.5236,1.0354,0.9422,0.032602,1.5019,-0.76675,1.4071,0.93376,0.30565,1.502,-0.19782,2.2347,2.3747,-0.47952,2.7048
2.2605,3.3842,0.60655,2.2775,-0.22773,0.72897,1.0071,1.1878,0.30433,0.53912,1.4226,0.40872,1.4042,0.26609,2.0888,2.1882,1.8336,0.94331,1.8773,1.3707,1.3684,0.17002,1.4157,1.3715,1.1612,1.3584,0.52062,1.2053,0.95201,0.36638,0.18681,0.63046,0.27752,0.087704,1.5862,-0.681,0.43574,1.2783,0.26486,1.8455,0.63435,1.357,0.55485,1.6692,1.1231,-0.21075,0.65107,2.4907,1.2232,1.1988,0.97796,1.2332,0.1814,1.4946,0.96732,2.0115,1.2171,1.2228,2.2067,1.5213,-1.3984,-0.5412,-0.59699,0.69001,0.15774,1.816,4.1688,0.40759,-0.15676,2.0359,0.95047,-0.69903,0.48856,3.3999,2.0135,2.1259,0.21045,1.626,0.056954,0.37927,2.3582,0.81475,1.7427,0.23778,0.80145,-0.11014,1.4016,1.1447,-0.693,-0.24305,1.8424,-0.44729,1.4197,1.0881,0.10189,2.5298,-0.076669,1.6034,1.8234,1.1295
3.5197,2.6762,0.6335,1.1942,0.19153,1.4806,2.6261,0.56168,0.88415,1.1272,2.7602,-0.017212,0.32701,1.2106,1.2756,0.8497,0.9377,2.1957,2.8842,2.9938,0.58492,0.75751,2.337,-0.090696,1.5415,1.6326,1.6769,0.85727,0.21785,0.91804,0.43801,1.0312,1.5103,0.28902,3.948,0.30159,0.51075,1.9631,1.8438,1.4112,0.17396,0.27584,0.28663,3.1279,-0.31805,1.5421,1.4872,1.5054,0.31614,0.89774,0.5522,-0.19832,-0.13134,-1.068,0.16894,1.41,1.9869,0.18197,1.9656,2.0519,-0.17328,1.2605,0.80556,1.7044,0.80967,0.48475,0.82479,0.81444,1.529,1.5263,1.2972,0.74394,1.4163,1.8723,-1.1591,2.3064,0.30526,0.89822,1.0235,1.6179,0.96954,0.47872,2.161,1.1815,1.1728,0.4464,1.8506,0.23617,0.4433,1.1658,0.37389,2.5681,0.489,1.9477,-0.20733,1.2703,1.9016,1.8248,1.3382,0.46729
-0.0071727,-0.18196,0.64267,0.33,1.3571,-0.15123,1.6518,1.7157,0.9249,1.2587,0.53932,-0.17063,1.1381,1.0845,0.34307,1.0175,-1.558,2.78,-0.46885,0.58449,-1.1401,-0.81019,1.083,1.6518,1.5945,0.66994,1.236,-1.1527,1.9585,1.0656,0.19736,1.0953,2.6604,0.95983,1.0006,-0.045992,1.26,0.55921,1.8118,0.53519,0.92365,1.073,0.22595,2.2041,0.69213,0.43609,0.9631,2.0666,0.9594,2.3715,0.99515,0.45265,2.7203,0.73188,0.28146,0.094093,0.048789,-0.63819,0.73578,1.7222,2.3672,1.4959,1.2041,0.84692,1.1467,2.4245,0.50686,1.0444,1.6565,1.9846,-0.81408,0.74626,1.2716,0.52398,1.0125,-1.4742,-1.2587,2.4923,0.96053,0.33972,0.22408,1.8054,0.78898,1.9226,1.1134,3.7192,1.4795,2.14,1.6716,0.6591,0.4909,0.23005,0.51395,0.68671,-1.2276,0.38114,0.93479,-1.1298,0.21651,-1.5587
0.80668,2.0867,1.7788,0.39096,1.6027,0.30854,1.0623,-1.6742,0.64058,1.3315,2.9342,0.65539,1.6372,-0.95449,1.8935,1.7481,0.098113,2.8963,1.4345,2.3946,1.6845,0.63263,-0.26335,0.29815,2.6398,1.0763,0.3447,0.3329,0.91781,3.1484,0.50023,2.2057,1.518,2.3074,1.578,1.8691,1.9128,2.3788,1.8973,1.7864,2.5831,0.93466,1.8129,0.621,1.8218,0.70238,1.861,0.48378,0.50653,0.51172,4.0998,0.18486,1.3116,0.78544,0.42945,1.9159,0.62844,1.3268,0.58688,-0.2348,-0.84757,1.2962,0.76714,1.4584,1.2445,1.2771,-0.35342,1.2428,1.7118,0.86529,1.7123,2.7189,0.22985,-0.14777,0.59798,-0.96283,0.31954,1.1914,2.4367,-0.043318,0.24983,0.33493,1.5992,0.51929,-0.67519,0.59152,0.5837,0.41274,0.53995,0.62466,2.732,2.89,-0.066179,-0.28841,1.1856,0.69211,0.78655,1.8959,1.9194,1.0232
0.70039,0.92469,0.97614,-0.99752,1.2503,0.20706,2.0455,0.81015,1.7486,0.44174,1.0751,0.98948,1.4632,0.42021,-1.3185,2.8059,0.87758,2.3014,2.0369,0.51474,0.77636,0.33477,-0.63557,1.2633,0.40922,1.4324,2.0971,0.35755,2.6422,-0.53225,0.028326,2.2009,0.78087,-0.24239,1.0916,2.1143,-0.083464,1.7496,0.43359,2.8339,1.8513,2.1609,1.3384,-0.096746,1.7357,1.723,-0.050673,0.55991,1.9723,0.50776,-1.207,1.4797,1.6398,0.31593,1.244,-0.70848,1.4066,-0.63222,0.23583,1.2674,1.4469,1.0749,1.6617,2.0367,1.2349,2.4001,0.85583,1.2248,0.54481,1.2255,0.91718,0.65291,0.87226,0.42881,2.8141,0.30139,2.2709,1.0516,2.2305,0.85171,0.52747,-0.57398,1.2987,1.3224,0.67541,1.1683,0.64527,0.23499,1.8386,1.1158,2.4978,0.73379,1.3273,-0.07733,2.9602,1.0223,0.53853,3.1006,1.7177,1.3882
0.24802,1.4208,1.336,2.2718,1.2201,0.52784,1.2694,1.4277,0.30058,0.067997,1.8595,1.923,-0.22892,0.45264,1.6944,1.1526,1.9727,2.0567,0.65645,1.8531,2.9093,2.1277,0.85203,2.622,0.45449,-0.10985,-0.42003,0.71021,2.3404,2.0306,0.67147,1.8005,1.9807,2.9006,2.2226,2.3054,-0.60642,-0.50297,0.63692,-0.40364,0.91708,0.84575,2.3837,0.07241,2.5055,1.2708,1.1191,0.63501,1.0288,0.056628,0.12234,1.2593,0.47773,1.3526,0.16878,0.80274,0.5719,1.361,-0.18036,2.2569,1.7287,1.7739,1.5309,-0.44845,-0.5597,2.2606,-0.39374,-0.28622,1.5959,0.72361,1.1684,1.9264,-0.3548,1.5011,1.4291,0.30307,0.49743,1.5783,-0.27674,2.0134,-0.10254,1.655,2.1494,0.30501,0.83203,1.6772,1.7287,2.5383,0.62356,1.1836,1.7902,1.7028,0.59211,0.87341,1.6575,1.72,2.0094,0.75353,0.019351,1.2624
-1.5782,0.94798,1.4031,0.84702,3.7134,1.6149,1.2333,0.42763,0.063297,1.9491,0.9306,0.18736,-0.30654,1.7904,1.8515,-1.0829,2.3798,2.7175,0.19239,1.8804,1.0307,0.813,1.9903,-0.047775,1.3746,1.9734,2.2659,1.0119,2.8527,0.61368,2.4844,2.48,1.8651,0.058844,2.0336,1.358,1.6175,1.5231,1.6939,0.83864,0.23796,1.4731,1.664,0.16842,0.83378,0.31417,1.295,-0.41079,2.073,2.1916,1.5635,2.5162,1.1975,1.974,0.63844,0.91007,0.59174,0.77691,1.0516,2.2902,0.64389,3.5239,1.8068,1.4451,1.2699,0.72651,2.579,1.6053,1.76,0.057292,1.2593,0.33891,1.8544,-0.86603,1.5776,-0.15598,0.86736,1.8665,0.136,1.0248,4.1046,1.3227,2.6197,1.4612,-0.14503,1.4984,0.70106,0.46982,1.5959,-0.36511,0.15665,1.5962,1.2903,0.67661,2.4991,0.19112,1.5313,2.5167,0.82739,-0.28435
1.1978,0.45793,1.4757,0.07795,0.71758,-0.28348,1.5071,-0.49289,2.812,0.59742,0.71245,-0.13615,2.5288,0.9418,0.77299,1.9272,1.2877,0.86205,1.1637,-0.13053,1.4856,1.3216,1.5918,0.9688,0.45651,2.0118,1.8107,1.8297,3.5657,0.95837,1.6119,1.3688,0.68558,0.49842,0.49471,1.2471,0.39003,0.45001,0.79998,1.1488,0.22567,1.352,0.29778,0.59046,1.0107,-0.47205,3.2511,0.12925,2.0318,1.2679,1.5417,0.99673,0.61459,0.87044,1.0386,0.57549,0.014688,0.38375,0.45703,1.0188,2.0826,0.4164,-0.15767,0.35545,0.28505,1.471,1.6127,1.8408,-0.47378,1.3221,0.46977,-1.1375,0.16865,1.4781,1.6127,0.41075,2.0315,0.46966,1.7799,1.6066,1.5605,0.72252,1.1115,0.74405,-0.030264,0.51598,2.4835,1.2709,0.45797,3.0795,0.94154,2.323,0.14117,0.39454,1.1689,1.1911,1.0271,1.2016,1.9435,-0.60554
1.0143,-0.067742,2.163,3.2681,1.8867,2.4726,0.55024,1.6488,2.4154,1.2505,0.080702,1.3895,-0.57684,1.7488,-0.47149,1.3752,1.453,-1.876,0.74395,0.12442,0.063741,1.3699,0.38314,2.2884,2.8167,1.4509,0.80131,0.70774,-0.43795,1.0984,0.19122,-0.12727,2.2625,1.6872,1.8415,0.60339,1.9749,1.0214,0.586,2.0837,2.4694,0.78968,0.90486,3.1697,1.7294,1.3575,2.5292,3.1043,1.2097,1.0385,0.59821,1.7528,2.2391,0.34765,3.5725,0.2985,2.0077,0.54706,0.13211,1.9036,1.9725,0.23782,0.96122,1.1593,1.7408,2.6121,0.95338,1.8038,0.90776,1.8659,1.2512,-0.74086,0.54803,-0.86279,2.473,1.7293,0.22151,-1.519,0.99656,0.49891,-0.13625,-0.82075,0.34051,1.959,1.1699,2.0633,-2.2521,0.75596,0.4799,1.096,0.92397,-0.11825,2.2052,2.4498,3.0864,0.69408,0.68329,-0.50968,2.0034,3.0419
1.4197,-1.2349,-0.6519,1.7201,1.3312,1.8791,1.1431,-0.1626,2.1594,-0.92739,-0.80585,0.50812,1.3645,0.89778,0.84965,2.8267,1.224,0.40852,1.0132,0.2159,1.6653,2.4932,2.0351,0.46764,-0.13999,0.13102,1.7498,3.6775,0.39923,1.7294,-0.14084,1.4735,1.4554,-0.5124,1.1973,1.1298,1.39,-0.067789,-0.45189,0.63564,0.44463,2.1624,1.2139,2.408,2.415,-0.13548,0.64575,1.4719,1.7683,2.2566,2.3958,0.79022,-0.17131,0.40031,-0.41606,1.5813,1.7959,0.32176,0.81414,2.1506,1.5367,1.9985,1.7901,1.0425,0.95686,2.379,-0.010091,1.3849,1.284,0.32259,1.0512,2.2362,0.33791,2.2904,0.78826,-0.24052,1.1146,1.8138,1.7911,0.68293,1.0845,1.796,0.77537,0.27456,1.3858,1.3301,-0.54699,1.4296,0.60579,2.0454,0.69074,2.0581,1.3148,2.4006,0.98016,0.54304,-0.32995,1.1663,-0.03917,1.2604
2.127,1.7768,2.1675,2.0474,2.9768,2.9234,0.22995,0.64849,3.5833,1.1038,1.3484,1.9947,0.44171,-1.2248,-1.0277,0.7873,-0.6492,3.7048,-0.083998,0.41377,3.5069,2.6057,2.2084,1.973,2.1479,1.8573,1.03,0.59169,2.6401,1.3428,0.79248,-0.8623,1.5179,-0.74671,1.5013,-0.0044456,-0.38821,1.5323,2.0852,2.3104,1.619,1.1786,2.145,2.6797,1.8887,1.0139,1.9589,-0.4678,0.59364,0.88548,1.7296,2.1125,0.61373,1.8834,1.6609,0.96725,0.7198,0.84253,0.61597,-0.25084,1.9375,0.91277,0.46827,0.42479,-1.6745,1.8553,-0.054338,1.1257,0.61994,-0.765,1.3779,0.8384,2.465,1.2782,2.4894,2.3898,0.0046976,2.003,2.275,-0.27351,1.5467,1.2872,0.2892,0.27569,-0.41917,-0.33178,0.7124,1.1841,0.055759,2.2621,0.45034,2.1458,1.1898,-0.90228,3.0079,2.475,3.4711,1.4982,2.4451,1.7863
